t,L_Cmd,R_Cmd,L_tau,R_tau,L_IMU_angle,R_IMU_angle,L_IMU_vel,R_IMU_vel,L_encoder,R_encoder,L_encoder_vel,R_encoder_vel
1.3113021850585938e-05,0.0,0.0,-0.04102238629441434,0.27315433934975153,0.0,0.0,-0.04102238629441434,0.27315433934975153,1,0,0.001191041199490428,1.8301356249139644e-05
0.25797295570373535,0.014650755769679336,0.014647340675089993,-0.09045232858061109,0.17363322709865603,0.014650755769679336,0.014647340675089993,-0.09045232858061109,0.17363322709865603,1,0,0.0008021842804737389,0.00026499576051719487
0.27197265625,0.029294681350179985,0.014647340675089993,-0.10456898223349195,0.19128407676019535,0.029294681350179985,0.014647340675089993,-0.10456898223349195,0.19128407676019535,1,0,0.017325975000858307,0.011514483951032162
0.2849712371826172,0.014650755769679336,0.014647340675089993,-0.08037129620089623,0.19446378328288752,0.014650755769679336,0.014647340675089993,-0.08037129620089623,0.19446378328288752,1,0,0.018518704921007156,0.008799825794994831
0.29815053939819336,0.014650755769679336,0.014647340675089993,-0.11412134863329858,0.22035880467476449,0.014650755769679336,0.014647340675089993,-0.11412134863329858,0.22035880467476449,1,0,0.017802536487579346,0.012743128463625908
0.3121156692504883,0.014650755769679336,0.0,-0.12419314291535673,0.21318474482851069,0.014650755769679336,0.0,-0.12419314291535673,0.21318474482851069,1,0,0.02180572971701622,0.014940621331334114
0.327974796295166,0.029294681350179985,0.014647340675089993,-0.11913078546140046,0.2183197664238909,0.029294681350179985,0.014647340675089993,-0.11913078546140046,0.2183197664238909,1,0,0.020447688177227974,0.008663931861519814
0.34114551544189453,0.014650755769679336,0.0,-0.12009887139475721,0.20565248691701465,0.014650755769679336,0.0,-0.12009887139475721,0.20565248691701465,1,0,0.019981814548373222,0.0055180927738547325
0.35498595237731934,0.014650755769679336,0.014647340675089993,-0.14841462121823512,0.2436002442132386,0.014650755769679336,0.014647340675089993,-0.14841462121823512,0.2436002442132386,1,0,0.021950233727693558,0.0038849597331136465
0.3699829578399658,0.014650755769679336,0.014647340675089993,-0.18467106626144786,0.23752214958429416,0.014650755769679336,0.014647340675089993,-0.18467106626144786,0.23752214958429416,1,0,0.018590671941637993,0.008153869770467281
0.38297367095947266,0.014650755769679336,0.014647340675089993,-0.18692465516158183,0.21579510439107205,0.014650755769679336,0.014647340675089993,-0.18692465516158183,0.21579510439107205,1,0,0.02418574132025242,0.007943728938698769
0.39597368240356445,0.014650755769679336,0.014647340675089993,-0.17525501016035058,0.2107374160117437,0.014650755769679336,0.014647340675089993,-0.17525501016035058,0.2107374160117437,1,0,0.03067280352115631,0.006038906518369913
0.40897345542907715,0.0,0.014647340675089993,-0.2130620682277149,0.16647784355091397,0.0,0.014647340675089993,-0.2130620682277149,0.16647784355091397,1,0,0.03660556674003601,0.008373493328690529
0.42197585105895996,0.0,0.014647340675089993,-0.22997222923049132,0.16572440164831018,0.0,0.014647340675089993,-0.22997222923049132,0.16572440164831018,1,0,0.04796778783202171,0.010642185807228088
0.43497133255004883,0.014650755769679336,0.014647340675089993,-0.2176590923640376,0.19110962679188237,0.014650755769679336,0.014647340675089993,-0.2176590923640376,0.19110962679188237,1,0,0.05745241045951843,0.007702257484197617
0.44797492027282715,0.0,0.0,-0.19531043325527822,0.16532150052855876,0.0,0.0,-0.19531043325527822,0.16532150052855876,1,0,0.07356099039316177,0.005673323292285204
0.46097612380981445,0.0,0.014647340675089993,-0.20757251712572872,0.1517522625252706,0.0,0.014647340675089993,-0.20757251712572872,0.1517522625252706,1,0,0.07936989516019821,0.00469615263864398
0.4769713878631592,0.0,0.014647340675089993,-0.19279672353751517,0.14784670166091912,0.0,0.014647340675089993,-0.19279672353751517,0.14784670166091912,1,0,0.09079158306121826,0.0013386278878897429
0.49097681045532227,0.0,0.014647340675089993,-0.13282031216731752,0.1255224818227837,0.0,0.014647340675089993,-0.13282031216731752,0.1255224818227837,1,0,0.09683846682310104,0.005855565890669823
0.5039706230163574,0.0,0.014647340675089993,-0.1341755977894626,0.13289485727880587,0.0,0.014647340675089993,-0.1341755977894626,0.13289485727880587,1,0,0.10521645843982697,0.009575641714036465
0.5169816017150879,0.0,0.014647340675089993,-0.12679990062034796,0.15029217618804816,0.0,0.014647340675089993,-0.12679990062034796,0.15029217618804816,1,0,0.11101207137107849,0.015473821200430393
0.529979944229126,0.0,0.014647340675089993,-0.1447128988119262,0.14931878084982877,0.0,0.014647340675089993,-0.1447128988119262,0.14931878084982877,1,0,0.1160760372877121,0.019392888993024826
0.5429728031158447,0.0,0.014647340675089993,-0.1348962894686047,0.16276415497334432,0.0,0.014647340675089993,-0.1348962894686047,0.16276415497334432,1,0,0.11932726949453354,0.010900836437940598
0.5559933185577393,0.0,0.0,-0.1366440575039743,0.07160076634753788,0.0,0.0,-0.1366440575039743,0.07160076634753788,1,0,0.12172763794660568,0.006428668275475502
0.5759725570678711,0.0,-0.014647340675097098,-0.1674071494844324,-0.036422083800692166,0.0,-0.014647340675097098,-0.1674071494844324,-0.036422083800692166,1,0,0.13055865466594696,-0.004298502579331398
0.5890016555786133,0.0,-0.014647340675097098,-0.19663741094496476,-0.14616431401055394,0.0,-0.014647340675097098,-0.19663741094496476,-0.14616431401055394,1,0,0.14292991161346436,0.004157850053161383
0.6111159324645996,0.014650755769679336,0.0,-0.08155463314470754,-0.05137101668126958,0.014650755769679336,0.0,-0.08155463314470754,-0.05137101668126958,1,0,0.15704621374607086,0.0014282162301242352
0.6399779319763184,0.014650755769679336,0.029298096444769328,-0.055481659978546635,0.2110764175101585,0.014650755769679336,0.029298096444769328,-0.055481659978546635,0.2110764175101585,1,0,0.17112170159816742,0.0032862708903849125
0.6549785137176514,0.014650755769679336,0.014647340675089993,-0.058595539219091476,0.19055035169273468,0.014650755769679336,0.014647340675089993,-0.058595539219091476,0.19055035169273468,1,0,0.17980585992336273,-0.0022214162163436413
0.6749720573425293,0.014650755769679336,0.014647340675089993,-0.07341981114215625,0.18783132275326136,0.014650755769679336,0.014647340675089993,-0.07341981114215625,0.18783132275326136,1,0,0.1883365362882614,-0.001388617674820125
0.6889762878417969,0.014650755769679336,0.014647340675089993,-0.04979572759770936,0.16051731622110102,0.014650755769679336,0.014647340675089993,-0.04979572759770936,0.16051731622110102,1,0,0.19262680411338806,0.005402309820055962
0.7019822597503662,0.014650755769679336,0.0,-0.0560865652770225,0.14287731215291175,0.014650755769679336,0.0,-0.0560865652770225,0.14287731215291175,1,0,0.19964256882667542,-0.0009189809788949788
0.7149808406829834,0.029294681350179985,0.014647340675089993,-0.08014114417227192,0.15913120136619835,0.029294681350179985,0.014647340675089993,-0.08014114417227192,0.15913120136619835,1,0,0.20714245736598969,0.0040450748056173325
0.7279791831970215,0.029294681350179985,0.014647340675089993,-0.03939551727642862,0.1648451748752297,0.029294681350179985,0.014647340675089993,-0.03939551727642862,0.1648451748752297,1,0,0.21033982932567596,0.0013773581013083458
0.7409791946411133,0.014650755769679336,0.014647340675089993,-0.0509202642166884,0.12996033053493336,0.014650755769679336,0.014647340675089993,-0.0509202642166884,0.12996033053493336,1,0,0.22359956800937653,0.003383975476026535
0.7539794445037842,0.029294681350179985,0.014647340675089993,-0.07827410796058497,0.10340013276124047,0.029294681350179985,0.014647340675089993,-0.07827410796058497,0.10340013276124047,1,0,0.22886142134666443,0.0011693075066432357
0.7669780254364014,0.014650755769679336,0.014647340675089993,-0.08749214860671137,0.11478395702406916,0.014650755769679336,0.014647340675089993,-0.08749214860671137,0.11478395702406916,1,0,0.2331281304359436,0.005632341839373112
0.7799785137176514,0.014650755769679336,0.014647340675089993,-0.11298122731022213,0.06925827159638136,0.014650755769679336,0.014647340675089993,-0.11298122731022213,0.06925827159638136,1,0,0.2417258769273758,0.00829344056546688
0.7929773330688477,0.029294681350179985,0.014647340675089993,-0.09564347245301912,0.05024395542693814,0.029294681350179985,0.014647340675089993,-0.09564347245301912,0.05024395542693814,1,0,0.24428561329841614,0.01048710010945797
0.8059771060943604,0.029294681350179985,0.014647340675089993,-0.08211493544027337,0.04668521676100324,0.029294681350179985,0.014647340675089993,-0.08211493544027337,0.04668521676100324,1,0,0.25181686878204346,0.013562418520450592
0.8189833164215088,0.014650755769679336,0.029298096444769328,-0.07591437098383812,0.053666817351093424,0.014650755769679336,0.029298096444769328,-0.07591437098383812,0.053666817351093424,1,0,0.2512167692184448,0.008709662593901157
0.8319790363311768,0.014650755769679336,0.029298096444769328,-0.11060013932221238,0.08565265326522263,0.014650755769679336,0.029298096444769328,-0.11060013932221238,0.08565265326522263,1,0,0.26200973987579346,0.011974412016570568
0.8469877243041992,0.014650755769679336,0.014647340675089993,-0.16581008583783943,0.05316906731532874,0.014650755769679336,0.014647340675089993,-0.16581008583783943,0.05316906731532874,1,0,0.2670283317565918,0.005341026466339827
0.8599767684936523,0.029294681350179985,0.0,-0.11915535813415665,0.03927911057584751,0.029294681350179985,0.0,-0.11915535813415665,0.03927911057584751,1,0,0.2773192822933197,0.012784093618392944
0.8740613460540771,0.014650755769679336,0.014647340675089993,-0.19238004197750475,0.06803580780718792,0.014650755769679336,0.014647340675089993,-0.19238004197750475,0.06803580780718792,1,0,0.28691503405570984,0.006949452683329582
0.8879749774932861,0.014650755769679336,0.014647340675089993,-0.18114356703982717,0.04685607487690603,0.014650755769679336,0.014647340675089993,-0.18114356703982717,0.04685607487690603,1,0,0.2972296476364136,0.006397421006113291
0.9009783267974854,0.029294681350179985,0.014647340675089993,-0.1749525208255263,0.05798648511430336,0.029294681350179985,0.014647340675089993,-0.1749525208255263,0.05798648511430336,1,0,0.29976052045822144,0.009261084720492363
0.9139771461486816,0.029294681350179985,0.014647340675089993,-0.16601600536914476,0.048204827129625295,0.029294681350179985,0.014647340675089993,-0.16601600536914476,0.048204827129625295,1,0,0.30483290553092957,0.0025239388924092054
0.9276156425476074,0.029294681350179985,0.029298096444769328,-0.15431262296867335,0.07948231106184336,0.029294681350179985,0.029298096444769328,-0.15431262296867335,0.07948231106184336,1,0,0.30970093607902527,0.0051686703227460384
0.9429938793182373,0.014650755769679336,0.014647340675089993,-0.10769755571890158,0.07542932750116804,0.014650755769679336,0.014647340675089993,-0.10769755571890158,0.07542932750116804,1,0,0.31908538937568665,0.0036236089654266834
0.9679789543151855,0.014650755769679336,0.014647340675089993,-0.06843249238757756,0.08894408407365476,0.014650755769679336,0.014647340675089993,-0.06843249238757756,0.08894408407365476,1,0,0.3317733705043793,0.002946357009932399
0.9809789657592773,0.014650755769679336,0.014647340675089993,-0.0922760557900706,0.09020205284034037,0.014650755769679336,0.014647340675089993,-0.0922760557900706,0.09020205284034037,1,0,0.33597517013549805,0.005605786573141813
0.9939775466918945,0.029294681350179985,0.014647340675089993,-0.08579389277271778,0.09435958365204183,0.029294681350179985,0.014647340675089993,-0.08579389277271778,0.09435958365204183,1,0,0.3422146439552307,-0.000834928301628679
1.007000207901001,0.029294681350179985,0.014647340675089993,-0.07603045084919528,0.09232837610632996,0.029294681350179985,0.014647340675089993,-0.07603045084919528,0.09232837610632996,1,0,0.3512283265590668,-0.0001492155424784869
1.0299921035766602,0.029294681350179985,0.0,-0.04125124098730274,0.047878318740893565,0.029294681350179985,0.0,-0.04125124098730274,0.047878318740893565,1,0,0.3639140725135803,0.004499455913901329
1.057007074356079,0.014650755769679336,0.014647340675089993,0.02525819629821252,0.018886852099627153,0.014650755769679336,0.014647340675089993,0.02525819629821252,0.018886852099627153,1,0,0.37568551301956177,0.0014537321403622627
1.07198166847229,0.029294681350179985,0.014647340675089993,0.0399079081962052,0.036367902524688245,0.029294681350179985,0.014647340675089993,0.0399079081962052,0.036367902524688245,1,0,0.3805660903453827,0.007321585901081562
1.0869989395141602,0.029294681350179985,0.014647340675089993,0.01983906818182887,0.060739671669733354,0.029294681350179985,0.014647340675089993,0.01983906818182887,0.060739671669733354,1,0,0.3863976299762726,0.007352860644459724
1.1009857654571533,0.014650755769679336,0.029298096444769328,0.058397377021775165,0.05028614051620156,0.014650755769679336,0.029298096444769328,0.058397377021775165,0.05028614051620156,1,0,0.39824891090393066,0.008436307311058044
1.1229722499847412,0.029294681350179985,0.0,0.10923162020855041,0.025681066049631638,0.029294681350179985,0.0,0.10923162020855041,0.025681066049631638,1,0,0.4151492714881897,0.014896713197231293
1.1359870433807373,0.014650755769679336,0.014647340675089993,0.1279798424798941,0.0714737941980844,0.014650755769679336,0.014647340675089993,0.1279798424798941,0.0714737941980844,1,0,0.4236210882663727,0.010484137572348118
1.1489765644073486,0.014650755769679336,0.014647340675089993,0.12628382113161532,0.08131496287394885,0.014650755769679336,0.014647340675089993,0.12628382113161532,0.08131496287394885,1,0,0.4337880313396454,0.003551224246621132
1.163987159729004,0.014650755769679336,0.0,0.10005016509718721,0.07410733238112018,0.014650755769679336,0.0,0.10005016509718721,0.07410733238112018,1,0,0.4397141635417938,0.004594918340444565
1.1769802570343018,0.014650755769679336,0.014647340675089993,0.08241852534268854,0.09775137288454819,0.014650755769679336,0.014647340675089993,0.08241852534268854,0.09775137288454819,1,0,0.44288370013237,0.007305216509848833
1.1909801959991455,0.029294681350179985,0.014647340675089993,0.06783009504918756,0.09879976690150548,0.029294681350179985,0.014647340675089993,0.06783009504918756,0.09879976690150548,1,0,0.4431956708431244,0.009259406477212906
1.2039823532104492,0.014650755769679336,0.014647340675089993,0.01386811047280244,0.13349371279058525,0.014650755769679336,0.014647340675089993,0.01386811047280244,0.13349371279058525,1,0,0.450798362493515,0.006337100639939308
1.2169826030731201,0.029294681350179985,0.014647340675089993,0.013218177785883394,0.14557292901817925,0.029294681350179985,0.014647340675089993,0.013218177785883394,0.14557292901817925,1,0,0.45479699969291687,0.010253140702843666
1.229982614517212,0.014650755769679336,0.014647340675089993,0.0003272334501644685,0.1798470317167148,0.014650755769679336,0.014647340675089993,0.0003272334501644685,0.1798470317167148,1,0,0.4645930230617523,0.010354148223996162
1.242985725402832,0.029294681350179985,0.014647340675089993,-0.030030540851761003,0.15875624799314844,0.029294681350179985,0.014647340675089993,-0.030030540851761003,0.15875624799314844,1,0,0.47324633598327637,0.009219799190759659
1.2559826374053955,0.029294681350179985,0.014647340675089993,-0.05108537270069222,0.1713508500183875,0.029294681350179985,0.014647340675089993,-0.05108537270069222,0.1713508500183875,1,0,0.48013800382614136,0.010214400477707386
1.2689855098724365,0.029294681350179985,0.014647340675089993,-0.04551950223885908,0.15556284107147658,0.029294681350179985,0.014647340675089993,-0.04551950223885908,0.15556284107147658,1,0,0.4875248968601227,0.0030427316669374704
1.2829840183258057,0.029294681350179985,0.014647340675089993,-0.07231762271537849,0.17117792083438188,0.029294681350179985,0.014647340675089993,-0.07231762271537849,0.17117792083438188,1,0,0.49515122175216675,0.0043556177988648415
1.2969849109649658,0.014650755769679336,0.0,-0.07363885077316605,0.1441554780024165,0.014650755769679336,0.0,-0.07363885077316605,0.1441554780024165,1,0,0.502947986125946,0.010277203284204006
1.3099932670593262,0.029294681350179985,0.014647340675089993,-0.08260820983450184,0.137239938148205,0.029294681350179985,0.014647340675089993,-0.08260820983450184,0.137239938148205,1,0,0.5076256990432739,0.009564287029206753
1.3239843845367432,0.014650755769679336,0.014647340675089993,-0.03632673129162974,0.12433321515419489,0.014650755769679336,0.014647340675089993,-0.03632673129162974,0.12433321515419489,1,0,0.5127404928207397,0.004648718982934952
1.3369879722595215,0.014650755769679336,0.014647340675089993,-0.06891013205190905,0.132362169224611,0.014650755769679336,0.014647340675089993,-0.06891013205190905,0.132362169224611,1,0,0.5206570029258728,0.0019204961135983467
1.3509817123413086,0.014650755769679336,0.014647340675089993,-0.057692740289246536,0.12796081933583858,0.014650755769679336,0.014647340675089993,-0.057692740289246536,0.12796081933583858,1,0,0.528971254825592,0.0017512881895527244
1.364988088607788,0.029294681350179985,0.014647340675089993,-0.008355044743721299,0.15563876022492687,0.029294681350179985,0.014647340675089993,-0.008355044743721299,0.15563876022492687,1,0,0.5358506441116333,0.00031651597237214446
1.3780114650726318,0.014650755769679336,0.014647340675089993,-0.01968561237407506,0.14031064178865466,0.014650755769679336,0.014647340675089993,-0.01968561237407506,0.14031064178865466,1,0,0.5396720767021179,5.2651048463303596e-05
1.391996145248413,0.014650755769679336,0.0,-0.044655950216315264,0.12174082485884448,0.014650755769679336,0.0,-0.044655950216315264,0.12174082485884448,1,0,0.5466137528419495,0.00109197199344635
1.4050190448760986,0.014650755769679336,0.0,-0.04908204286556245,0.09793534109499558,0.014650755769679336,0.0,-0.04908204286556245,0.09793534109499558,1,0,0.5560327172279358,0.0055270129814744
1.4239792823791504,0.014650755769679336,0.014647340675089993,-0.03883225345352736,0.11113402132549069,0.014650755769679336,0.014647340675089993,-0.03883225345352736,0.11113402132549069,1,0,0.5641013383865356,0.005980022717267275
1.4379870891571045,0.014650755769679336,0.014647340675089993,-0.05341792232289125,0.10642164436543147,0.014650755769679336,0.014647340675089993,-0.05341792232289125,0.10642164436543147,1,0,0.5699020624160767,0.014446492306888103
1.4509906768798828,0.014650755769679336,0.014647340675089993,-0.08716983571503817,0.12167248294650468,0.014650755769679336,0.014647340675089993,-0.08716983571503817,0.12167248294650468,1,0,0.578621506690979,0.010465482249855995
1.4639859199523926,0.029294681350179985,0.014647340675089993,-0.06760029653621365,0.10620846775813302,0.029294681350179985,0.014647340675089993,-0.06760029653621365,0.10620846775813302,1,0,0.5826926231384277,0.008775109425187111
1.4769861698150635,0.029294681350179985,0.014647340675089993,-0.052585463002316195,0.1253752058688053,0.029294681350179985,0.014647340675089993,-0.052585463002316195,0.1253752058688053,1,0,0.5947413444519043,0.016909267753362656
1.4909846782684326,0.014650755769679336,0.014647340675089993,-0.045555971046756585,0.10543274102934072,0.014650755769679336,0.014647340675089993,-0.045555971046756585,0.10543274102934072,1,0,0.6033375859260559,0.014534850604832172
1.5039892196655273,0.029294681350179985,0.014647340675089993,-0.07874336330090599,0.08843280039157567,0.029294681350179985,0.014647340675089993,-0.07874336330090599,0.08843280039157567,1,0,0.6063328981399536,0.010166585445404053
1.5170691013336182,0.029294681350179985,0.014647340675089993,-0.06568624274302336,0.05262155161413685,0.029294681350179985,0.014647340675089993,-0.06568624274302336,0.05262155161413685,1,0,0.6120312213897705,-0.0009954904671758413
1.5309901237487793,0.014650755769679336,0.014647340675089993,-0.09051960994599968,0.05902037164938098,0.014650755769679336,0.014647340675089993,-0.09051960994599968,0.05902037164938098,1,0,0.6190166473388672,-0.007154637016355991
1.5439841747283936,0.029294681350179985,0.014647340675089993,-0.08484585050972811,0.07851199064277181,0.029294681350179985,0.014647340675089993,-0.08484585050972811,0.07851199064277181,1,0,0.6289400458335876,-0.010451728478074074
1.558562994003296,0.029294681350179985,0.014647340675089993,-0.07733868553930395,0.0631620476176673,0.029294681350179985,0.014647340675089993,-0.07733868553930395,0.0631620476176673,1,0,0.6376999616622925,-0.00314970500767231
1.5809946060180664,0.029294681350179985,0.014647340675089993,-0.04616382786740797,0.08374089398870664,0.029294681350179985,0.014647340675089993,-0.04616382786740797,0.08374089398870664,1,0,0.6458242535591125,-0.0023815943859517574
1.594985008239746,0.029294681350179985,0.014647340675089993,-0.06463501393075625,0.07742022092252097,0.029294681350179985,0.014647340675089993,-0.06463501393075625,0.07742022092252097,1,0,0.651300311088562,-0.0018823406426236033
1.609987497329712,0.014650755769679336,0.014647340675089993,-0.038896973497977196,0.07275941055667402,0.014650755769679336,0.014647340675089993,-0.038896973497977196,0.07275941055667402,1,0,0.6594935655593872,0.00383514491841197
1.6229891777038574,0.014650755769679336,0.014647340675089993,-0.029940457726921544,0.0874766472789466,0.014650755769679336,0.014647340675089993,-0.029940457726921544,0.0874766472789466,1,0,0.6603284478187561,-0.002640420338138938
1.6359858512878418,0.014650755769679336,0.014647340675089993,-0.002262966236266191,0.09112243417121281,0.014650755769679336,0.014647340675089993,-0.002262966236266191,0.09112243417121281,1,0,0.6699543595314026,0.0024358404334634542
1.6489872932434082,0.029294681350179985,0.014647340675089993,-0.0008054887444920994,0.06968667253370793,0.029294681350179985,0.014647340675089993,-0.0008054887444920994,0.06968667253370793,1,0,0.674370527267456,0.0007977166096679866
1.6619858741760254,0.029294681350179985,0.014647340675089993,0.02299064686494101,0.07597404175758317,0.029294681350179985,0.014647340675089993,0.02299064686494101,0.07597404175758317,1,0,0.6758027672767639,0.0069256857968866825
1.67598557472229,0.029294681350179985,0.014647340675089993,0.03296500756467401,0.07464670388213962,0.029294681350179985,0.014647340675089993,0.03296500756467401,0.07464670388213962,1,0,0.6735935807228088,0.0022755926474928856
1.6889841556549072,0.08789087423971864,0.014647340675089993,0.47630110733672354,0.06656066036923705,0.08789087423971864,0.014647340675089993,0.47630110733672354,0.06656066036923705,1,0,0.6801843643188477,0.001426171394996345
1.70198392868042,0.2197340157884753,0.014647340675089993,1.298123555537821,0.06529111896758076,0.2197340157884753,0.014647340675089993,1.298123555537821,0.06529111896758076,1,0,0.6807796359062195,0.003097762353718281
1.7149815559387207,0.36620742253940364,0.014647340675089993,2.56752232363433,0.07910138794337632,0.36620742253940364,0.014647340675089993,2.56752232363433,0.07910138794337632,1,0,0.6934788823127747,0.00441677775233984
1.7279839515686035,0.5127013198578396,0.014647340675089993,3.7967809237523205,0.07273005541747751,0.5127013198578396,0.014647340675089993,3.7967809237523205,0.07273005541747751,1,0,0.7014462351799011,0.0083853080868721
1.7409822940826416,0.6445308010282531,0.014647340675089993,4.624838054005171,0.07791895146395753,0.6445308010282531,0.014647340675089993,4.624838054005171,0.07791895146395753,1,0,0.7111039757728577,0.012113499455153942
1.753983736038208,0.7324216752679718,0.014647340675089993,5.023363797262959,0.09251442539004008,0.7324216752679718,0.014647340675089993,5.023363797262959,0.09251442539004008,1,0,0.7317535281181335,0.011583535932004452
1.7669823169708252,0.7910178681575104,0.014647340675089993,5.088648879784056,0.07222836334870554,0.7910178681575104,0.014647340675089993,5.088648879784056,0.07222836334870554,1,0,0.7378310561180115,0.007129392586648464
1.779984474182129,0.8496140610470491,0.014647340675089993,4.924571941107894,0.03603375352883322,0.8496140610470491,0.014647340675089993,4.924571941107894,0.03603375352883322,1,0,0.753027617931366,0.012377425096929073
1.7929859161376953,0.8496140610470491,0.0,4.511983265235872,0.05185618356091196,0.8496140610470491,0.0,4.511983265235872,0.05185618356091196,1,0,0.7638141512870789,0.0036794666666537523
1.8059823513031006,0.8496140610470491,0.014647340675089993,3.945968050037855,0.052216205900312375,0.8496140610470491,0.014647340675089993,3.945968050037855,0.052216205900312375,1,0,0.7650906443595886,0.00570207042619586
1.8189871311187744,0.9082034237474232,0.014647340675089993,3.7596217064596895,0.05614004619183223,0.9082034237474232,0.014647340675089993,3.7596217064596895,0.05614004619183223,1,0,0.7546089887619019,0.002249214332550764
1.8319876194000244,1.0253958095265006,0.014647340675089993,4.182378826458567,0.06988273364744167,1.0253958095265006,0.014647340675089993,4.182378826458567,0.06988273364744167,1,0,0.7594185471534729,0.0009186122915707529
1.8449876308441162,1.127930609346734,0.014647340675089993,4.753576020802509,0.07142839745248762,1.127930609346734,0.014647340675089993,4.753576020802509,0.07142839745248762,1,0,0.7640320658683777,0.005807816982269287
1.8629872798919678,1.259766920706312,0.014647340675089993,5.278327075016718,0.0712698690286559,1.259766920706312,0.014647340675089993,5.278327075016718,0.0712698690286559,1,0,0.7799720764160156,0.0006716477801091969
1.8819854259490967,1.2890684322456707,0.014647340675089993,4.909464843324296,0.0694623901989016,1.2890684322456707,0.014647340675089993,4.909464843324296,0.0694623901989016,1,0,0.8101119995117188,0.0022962489165365696
1.8960216045379639,1.2890684322456707,0.014647340675089993,4.102950983487312,0.07498450476136435,1.2890684322456707,0.014647340675089993,4.102950983487312,0.07498450476136435,1,0,0.8076883554458618,-0.004579734057188034
1.9100093841552734,1.2890684322456707,0.014647340675089993,3.528039233451941,0.056693144772257814,1.2890684322456707,0.014647340675089993,3.528039233451941,0.056693144772257814,1,0,0.8119730949401855,0.0008077608654275537
1.922987937927246,1.2890684322456707,0.014647340675089993,3.0761835865981046,0.06313443337629634,1.2890684322456707,0.014647340675089993,3.0761835865981046,0.06313443337629634,1,0,0.8183505535125732,0.002522585215047002
1.936079502105713,1.2890684322456707,0.0,2.667943393349854,0.044069164262449105,1.2890684322456707,0.0,2.667943393349854,0.044069164262449105,1,0,0.8246742486953735,-0.000719997682608664
1.9489881992340088,1.3037123578261856,0.014647340675089993,2.4121152428924417,0.03586585360521256,1.3037123578261856,0.014647340675089993,2.4121152428924417,0.03586585360521256,1,0,0.82893306016922,0.009122387506067753
1.9629943370819092,1.3037123578261856,0.014647340675089993,2.1622728994688987,0.03468719240613578,1.3037123578261856,0.014647340675089993,2.1622728994688987,0.03468719240613578,1,0,0.8307241797447205,0.0036105962935835123
1.9759948253631592,1.3037123578261856,0.014647340675089993,1.8873210731090968,0.014320370381477777,1.3037123578261856,0.014647340675089993,1.8873210731090968,0.014320370381477777,1,0,0.8355721235275269,0.0029781663324683905
1.9889941215515137,1.3183631135958507,0.014647340675089993,1.7013603150539198,0.005249431015912894,1.3183631135958507,0.014647340675089993,1.7013603150539198,0.005249431015912894,1,0,0.8399873971939087,0.004686758853495121
2.0129899978637695,1.3623017205265455,0.014647340675089993,1.5716885333309931,0.0029931175856690202,1.3623017205265455,0.014647340675089993,1.5716885333309931,0.0029931175856690202,1,0,0.8374001383781433,-0.0024868412874639034
2.0259907245635986,1.5234395434254964,0.014647340675089993,2.546959825694595,0.016237807586246673,1.5234395434254964,0.014647340675089993,2.546959825694595,0.016237807586246673,1,0,0.8346426486968994,0.0007669912884011865
2.038994073867798,1.7578174847944723,0.014647340675089993,4.347699713337318,0.04271864109642453,1.7578174847944723,0.014647340675089993,4.347699713337318,0.04271864109642453,1,0,0.8382904529571533,0.009529664181172848
2.062014102935791,2.3291013371635074,0.0,8.505908634757326,0.037973987490473024,2.3291013371635074,0.0,8.505908634757326,0.037973987490473024,1,0,0.8661069869995117,0.013470678590238094
2.0861313343048096,2.8271519012516677,0.014647340675089993,11.647316685947644,0.0263940737659575,2.8271519012516677,0.014647340675089993,11.647316685947644,0.0263940737659575,1,0,0.895853579044342,0.01521848514676094
2.099987268447876,3.061529842620658,0.0,12.409103052004799,-0.009880944189114524,3.061529842620658,0.0,12.409103052004799,-0.009880944189114524,1,0,0.9073644280433655,0.013857119716703892
2.112983465194702,3.2373115911001094,0.014647340675089993,12.646062804880051,0.006003888859129942,3.2373115911001094,0.014647340675089993,12.646062804880051,0.006003888859129942,1,0,0.909810483455658,0.012553680688142776
2.1259846687316895,3.4277372651600615,0.014647340675089993,12.870208269098713,0.02450031877471217,3.4277372651600615,0.014647340675089993,12.870208269098713,0.02450031877471217,1,0,0.9106324911117554,0.01116670947521925
2.1399941444396973,3.662108376339887,0.014647340675089993,13.191447433690046,0.0036487404988500348,3.662108376339887,0.014647340675089993,13.191447433690046,0.0036487404988500348,1,0,0.910601794719696,0.002817732747644186
2.152994394302368,3.8818423921283625,0.0,13.642956235000092,-0.09093665836187376,3.8818423921283625,0.0,13.642956235000092,-0.09093665836187376,1,0,0.9133477807044983,0.002083603758364916
2.166003704071045,4.0869119917688295,0.014647340675089993,14.033920531959852,0.013439626159143228,4.0869119917688295,0.014647340675089993,14.033920531959852,0.013439626159143228,1,0,0.9179244041442871,0.0016568513819947839
2.1799941062927246,4.291988421598461,0.014647340675089993,14.154018309457125,0.0550379911671867,4.291988421598461,0.014647340675089993,14.154018309457125,0.0550379911671867,1,0,0.9390671253204346,-0.0006220496143214405
2.192991018295288,4.423831563147218,0.014647340675089993,13.829673970114376,0.07133356187668759,4.423831563147218,0.014647340675089993,13.829673970114376,0.07133356187668759,1,0,0.9478347897529602,-0.008621974848210812
2.2059919834136963,4.526366362967451,0.0,13.090336728311762,0.07949493090355202,4.526366362967451,0.0,13.090336728311762,0.07949493090355202,1,0,0.9641649723052979,-0.005270509514957666
2.2189910411834717,4.570318630276475,0.014647340675089993,12.014872217074478,0.07890048433224274,4.570318630276475,0.014647340675089993,12.014872217074478,0.07890048433224274,1,0,0.9613855481147766,-0.005160720087587833
2.23199200630188,4.658209504516208,0.0,11.148052055734514,0.05206840634296499,4.658209504516208,0.0,11.148052055734514,0.05206840634296499,1,0,0.9708123207092285,0.004769126418977976
2.2449893951416016,4.731442792797083,-0.014647340675097098,10.437840448100125,-0.03654793537223494,4.731442792797083,-0.014647340675097098,10.437840448100125,-0.03654793537223494,1,0,0.9736239910125732,0.002911769784986973
2.258005142211914,4.819333667036801,-0.014647340675097098,9.912411924497617,-0.13621172787385363,4.819333667036801,-0.014647340675097098,9.912411924497617,-0.13621172787385363,1,0,0.9800915718078613,0.005685335490852594
2.275129556655884,4.951176808585558,0.0,9.470999850328141,-0.09803838090192757,4.951176808585558,0.0,9.470999850328141,-0.09803838090192757,1,0,0.9824063181877136,0.006334609352052212
2.288997173309326,5.068362364175471,0.0,9.290572719439439,-0.014396434609746852,5.068362364175471,0.0,9.290572719439439,-0.014396434609746852,1,0,0.9781407713890076,0.011997704394161701
2.302993059158325,5.2148426011155635,0.014647340675089993,9.420329238196755,0.1233151701223192,5.2148426011155635,0.014647340675089993,9.420329238196755,0.1233151701223192,1,0,0.9831733703613281,0.013060503639280796
2.316995143890381,5.3613364984339995,0.014647340675089993,9.61753131368701,0.15340101949810145,5.3613364984339995,0.014647340675089993,9.61753131368701,0.15340101949810145,1,0,0.9937372803688049,0.013551603071391582
2.3299999237060547,5.507809905184914,0.014647340675089993,9.800559039102195,0.1626720941618946,5.507809905184914,0.014647340675089993,9.800559039102195,0.1626720941618946,1,0,0.9995982050895691,0.013397681526839733
2.34299635887146,5.65430380250335,0.014647340675089993,9.976503858348078,0.15622762391700246,5.65430380250335,0.014647340675089993,9.976503858348078,0.15622762391700246,1,0,0.9947993755340576,0.011292947456240654
2.356009006500244,5.815434795213122,0.014647340675089993,10.148739031100996,0.15573621048251854,5.815434795213122,0.014647340675089993,10.148739031100996,0.15573621048251854,1,0,0.9899346828460693,0.009661599062383175
2.3699913024902344,5.961915032153215,0.014647340675089993,10.219446003162615,0.1604191322517821,5.961915032153215,0.014647340675089993,10.219446003162615,0.1604191322517821,1,0,0.9945675730705261,0.009654249995946884
2.382995128631592,6.093751343512807,0.014647340675089993,10.275272554343713,0.1720346560079689,6.093751343512807,0.014647340675089993,10.275272554343713,0.1720346560079689,1,0,0.9939090013504028,0.006770358886569738
2.3959946632385254,6.2402315804529,0.014647340675089993,10.441367387032791,0.17973713504018635,6.2402315804529,0.014647340675089993,10.441367387032791,0.17973713504018635,1,0,1.0035371780395508,0.016451215371489525
2.409075975418091,6.401369403351836,0.014647340675089993,10.60265803541441,0.15940615650093104,6.401369403351836,0.014647340675089993,10.60265803541441,0.15940615650093104,1,0,1.0004525184631348,0.014050507918000221
2.4230005741119385,6.577144321642109,0.014647340675089993,10.772168816462141,0.15643092876651613,6.577144321642109,0.014647340675089993,10.772168816462141,0.15643092876651613,1,0,0.9969104528427124,0.009226875379681587
2.4359989166259766,6.7529260701215605,0.014647340675089993,11.020484612606186,0.1688225060867192,6.7529260701215605,0.014647340675089993,11.020484612606186,0.1688225060867192,1,0,1.0004889965057373,0.014231270179152489
2.449105978012085,6.914063893020497,0.014647340675089993,11.208616196878664,0.15986892849762582,6.914063893020497,0.014647340675089993,11.208616196878664,0.15986892849762582,1,0,0.9953832626342773,0.013697209767997265
2.4619922637939453,7.075201715919448,0.014647340675089993,11.344598433064448,0.15450549577144687,7.075201715919448,0.014647340675089993,11.344598433064448,0.15450549577144687,1,0,0.9886699914932251,0.011769242584705353
2.475001573562622,7.23633270862922,0.014647340675089993,11.498988029063415,0.1380066535629654,7.23633270862922,0.014647340675089993,11.498988029063415,0.1380066535629654,1,0,1.0006941556930542,0.004705098457634449
2.4879934787750244,7.4121144571086575,0.014647340675089993,11.672006112249948,0.12285131756835335,7.4121144571086575,0.014647340675089993,11.672006112249948,0.12285131756835335,1,0,0.9967322945594788,0.003035064786672592
2.502992868423462,7.617190886938303,0.014647340675089993,11.927590083444532,0.10140640454457771,7.617190886938303,0.014647340675089993,11.927590083444532,0.10140640454457771,1,0,0.9977485537528992,-0.0005136651452630758
2.5159976482391357,7.807616560998255,0.014647340675089993,12.237016435866327,0.08737191326493533,7.807616560998255,0.014647340675089993,12.237016435866327,0.08737191326493533,1,0,0.9978170990943909,0.008024939335882664
2.5289900302886963,7.998049065247372,0.014647340675089993,12.597234636277276,0.11525782807816523,7.998049065247372,0.014647340675089993,12.597234636277276,0.11525782807816523,1,0,0.997016191482544,0.013027426786720753
2.543001651763916,8.217776250846683,0.014647340675089993,13.01210971797396,0.10306612717267759,8.217776250846683,0.014647340675089993,13.01210971797396,0.10306612717267759,1,0,1.0017788410186768,0.008236235938966274
2.55600643157959,8.422852680676314,0.014647340675089993,13.401796769558928,0.09137146927165382,8.422852680676314,0.014647340675089993,13.401796769558928,0.09137146927165382,1,0,0.995265007019043,0.011131251230835915
2.5710017681121826,8.671881377814984,0.014647340675089993,13.695714323696563,0.08676454002701328,8.671881377814984,0.014647340675089993,13.695714323696563,0.08676454002701328,1,0,0.9987716674804688,0.01712365821003914
2.5840389728546143,8.847663126294435,0.014647340675089993,13.904293786796766,0.11376431116660674,8.847663126294435,0.014647340675089993,13.904293786796766,0.11376431116660674,1,0,0.9973732829093933,0.011661139316856861
2.59899640083313,9.052732725934902,0.014647340675089993,13.814194200134189,0.11811029917050503,9.052732725934902,0.014647340675089993,13.814194200134189,0.11811029917050503,1,0,0.9974699020385742,0.005276108160614967
2.6120645999908447,9.22851447441434,0.0,13.701778677905889,0.12683525218538808,9.22851447441434,0.0,13.701778677905889,0.12683525218538808,1,0,1.0039631128311157,0.004364426247775555
2.624994993209839,9.375001541543611,0.014647340675089993,13.449945334339287,0.13792912024371518,9.375001541543611,0.014647340675089993,13.449945334339287,0.13792912024371518,1,0,1.0032024383544922,0.001373241888359189
2.63899827003479,9.521481778483704,0.014647340675089993,13.047089678034533,0.10599425061420321,9.521481778483704,0.014647340675089993,13.047089678034533,0.10599425061420321,1,0,1.001591682434082,0.0063071055337786674
2.65200138092041,9.65332492003246,0.0,12.659994683239585,0.10605701631741592,9.65332492003246,0.0,12.659994683239585,0.10605701631741592,1,0,0.9999930262565613,0.009100878611207008
2.6650052070617676,9.785154401202874,0.014647340675089993,12.320777606979133,0.10794773807767974,9.785154401202874,0.014647340675089993,12.320777606979133,0.10794773807767974,1,0,0.998309314250946,0.006140869576483965
2.678004264831543,9.873045275442593,0.014647340675089993,11.797373380691885,0.12151525519346217,9.873045275442593,0.014647340675089993,11.797373380691885,0.12151525519346217,1,0,0.9963735938072205,-0.001103710033930838
2.69100284576416,9.960936149682325,0.014647340675089993,11.168880717608468,0.13513653336853199,9.960936149682325,0.014647340675089993,11.168880717608468,0.13513653336853199,1,0,1.009315013885498,0.005842029117047787
2.7040042877197266,10.034183098341543,0.014647340675089993,10.3881585058511,0.14598938379456491,10.034183098341543,0.014647340675089993,10.3881585058511,0.14598938379456491,1,0,0.9989537000656128,0.006465898361057043
2.717001438140869,10.092779291231082,0.014647340675089993,9.703435456651906,0.18322622778793893,10.092779291231082,0.014647340675089993,9.703435456651906,0.18322622778793893,1,0,1.0088181495666504,0.009609945118427277
2.7315447330474854,10.15137548412062,0.014647340675089993,8.799512853966787,0.18991290294410207,10.15137548412062,0.014647340675089993,8.799512853966787,0.18991290294410207,1,0,1.003326654434204,0.00773870712146163
2.745999813079834,10.166019409701121,0.014647340675089993,7.870607980618698,0.16559921708742853,10.166019409701121,0.014647340675089993,7.870607980618698,0.16559921708742853,1,0,1.0116021633148193,0.007396278902888298
2.7589995861053467,10.166019409701121,0.014647340675089993,6.845732119242761,0.1822970952771924,10.166019409701121,0.014647340675089993,6.845732119242761,0.1822970952771924,1,0,1.000526785850525,0.006413506343960762
2.7720015048980713,10.166019409701121,0.014647340675089993,5.957314472860394,0.16870349804455964,10.166019409701121,0.014647340675089993,5.957314472860394,0.16870349804455964,1,0,1.0012505054473877,0.0005629317602142692
2.784999132156372,10.166019409701121,0.014647340675089993,5.197453793262359,0.16775990474267974,10.166019409701121,0.014647340675089993,5.197453793262359,0.16775990474267974,1,0,0.9987048506736755,-0.0006390024209395051
2.797999143600464,10.166019409701121,0.014647340675089993,4.559795870086432,0.15661650447265685,10.166019409701121,0.014647340675089993,4.559795870086432,0.15661650447265685,1,0,0.9951990246772766,0.0021808287128806114
2.8110039234161377,10.15137548412062,0.014647340675089993,3.9758424436938444,0.12239554918360045,10.15137548412062,0.014647340675089993,3.9758424436938444,0.12239554918360045,1,0,0.9972374439239502,0.0020200335420668125
2.8240160942077637,10.166019409701121,0.014647340675089993,3.4707606267419795,0.14615113387988993,10.166019409701121,0.014647340675089993,3.4707606267419795,0.14615113387988993,1,0,0.9990766644477844,0.0055630989372730255
2.842672109603882,10.166019409701121,0.014647340675089993,2.877481430811386,0.13171254086130607,10.166019409701121,0.014647340675089993,2.877481430811386,0.13171254086130607,1,0,0.9993317127227783,0.006393176503479481
2.8570053577423096,10.15137548412062,0.0,2.4445804126779813,0.09080320286879405,10.15137548412062,0.0,2.4445804126779813,0.09080320286879405,1,0,1.00101900100708,0.009655523113906384
2.8700084686279297,10.15137548412062,0.014647340675089993,2.1674898833343192,0.1000248053518509,10.15137548412062,0.014647340675089993,2.1674898833343192,0.1000248053518509,1,0,1.0054466724395752,0.009241390973329544
2.88299822807312,10.166019409701121,0.014647340675089993,1.8505123298982518,0.1309395822267575,10.166019409701121,0.014647340675089993,1.8505123298982518,0.1309395822267575,1,0,1.0020883083343506,0.005566774867475033
2.896008014678955,10.15137548412062,0.014647340675089993,1.5794330073544354,0.1393839638771411,10.15137548412062,0.014647340675089993,1.5794330073544354,0.1393839638771411,1,0,1.0051450729370117,0.0028576611075550318
2.908996343612671,10.15137548412062,0.014647340675089993,1.3508814307908803,0.17018212727816162,10.15137548412062,0.014647340675089993,1.3508814307908803,0.17018212727816162,1,0,0.998944878578186,0.004253537394106388
2.921994209289551,10.15137548412062,0.014647340675089993,1.1536619596625837,0.1612443311613107,10.15137548412062,0.014647340675089993,1.1536619596625837,0.1612443311613107,1,0,0.9992600083351135,0.005136809777468443
2.9350059032440186,10.15137548412062,0.0,0.9864559405729095,0.1565253774761327,10.15137548412062,0.0,0.9864559405729095,0.1565253774761327,1,0,1.0017873048782349,0.006472926586866379
2.9490108489990234,10.15137548412062,0.014647340675089993,0.8348828371112196,0.14322293039708495,10.15137548412062,0.014647340675089993,0.8348828371112196,0.14322293039708495,1,0,1.0005605220794678,0.006395491771399975
2.968000650405884,10.15137548412062,0.014647340675089993,0.6804180023096754,0.141102276721715,10.15137548412062,0.014647340675089993,0.6804180023096754,0.141102276721715,1,0,0.995936393737793,-0.001885923556983471
2.9810009002685547,10.15137548412062,0.014647340675089993,0.5808254665569856,0.14892383049715807,10.15137548412062,0.014647340675089993,0.5808254665569856,0.14892383049715807,1,0,0.9949419498443604,-0.0008767165127210319
2.995791435241699,10.15137548412062,0.014647340675089993,0.500990160113057,0.15228200239234327,10.15137548412062,0.014647340675089993,0.500990160113057,0.15228200239234327,1,0,0.9933422207832336,-0.001726817456074059
3.0180068016052246,10.15137548412062,0.014647340675089993,0.3937648879628779,0.13007218822280553,10.15137548412062,0.014647340675089993,0.3937648879628779,0.13007218822280553,1,0,0.99735027551651,-0.00010644755093380809
3.031006097793579,10.15137548412062,0.014647340675089993,0.34215805966752433,0.1216416136931074,10.15137548412062,0.014647340675089993,0.34215805966752433,0.1216416136931074,1,0,0.9976070523262024,-0.0010065329261124134
3.0440032482147217,10.15137548412062,0.014647340675089993,0.30414392147030433,0.135307928428017,10.15137548412062,0.014647340675089993,0.30414392147030433,0.135307928428017,1,0,1.0010817050933838,-0.0009848461486399174
3.057009696960449,10.15137548412062,0.014647340675089993,0.25217920193461263,0.1369271368285596,10.15137548412062,0.014647340675089993,0.25217920193461263,0.1369271368285596,1,0,1.0016438961029053,0.008176988922059536
3.070007085800171,10.15137548412062,0.014647340675089993,0.21343067165927082,0.11799038399384634,10.15137548412062,0.014647340675089993,0.21343067165927082,0.11799038399384634,1,0,1.0015822649002075,0.007962160743772984
3.0830187797546387,10.15137548412062,0.014647340675089993,0.16942150834084402,0.12385103314726108,10.15137548412062,0.014647340675089993,0.16942150834084402,0.12385103314726108,1,0,1.000666856765747,0.005788102280348539
3.0960099697113037,10.15137548412062,0.0,0.14403831090968167,0.08831335212237978,10.15137548412062,0.0,0.14403831090968167,0.08831335212237978,1,0,1.002036690711975,0.007347083650529385
3.1090028285980225,10.15137548412062,0.014647340675089993,0.12672711641700501,0.08592580747117025,10.15137548412062,0.014647340675089993,0.12672711641700501,0.08592580747117025,1,0,1.0058438777923584,0.00897432491183281
3.1220011711120605,10.15137548412062,0.014647340675089993,0.12392759263094605,0.09795072903094794,10.15137548412062,0.014647340675089993,0.12392759263094605,0.09795072903094794,1,0,1.0027589797973633,0.006351173855364323
3.1351747512817383,10.15137548412062,0.014647340675089993,0.10774271901076697,0.10689324091317308,10.15137548412062,0.014647340675089993,0.10774271901076697,0.10689324091317308,1,0,0.9968987703323364,0.0078373858705163
3.148003578186035,10.15137548412062,0.014647340675089993,0.10519012924156643,0.08660555803593198,10.15137548412062,0.014647340675089993,0.10519012924156643,0.08660555803593198,1,0,0.9984051585197449,0.011658175848424435
3.1610021591186523,10.15137548412062,0.014647340675089993,0.09188785558529058,0.1123760485373752,10.15137548412062,0.014647340675089993,0.09188785558529058,0.1123760485373752,1,0,0.9983888864517212,0.014434498734772205
3.1740095615386963,10.15137548412062,0.014647340675089993,0.08777745574690485,0.136445328347596,10.15137548412062,0.014647340675089993,0.08777745574690485,0.136445328347596,1,0,1.0011154413223267,0.009173374623060226
3.1869966983795166,10.136717898161777,0.014647340675089993,0.01687839795509321,0.1215989116705816,10.136717898161777,0.014647340675089993,0.01687839795509321,0.1215989116705816,1,0,1.0031052827835083,0.004442313686013222
3.2000012397766113,10.092779291231082,0.014647340675089993,-0.30075953605613653,0.11674117974724804,10.092779291231082,0.014647340675089993,-0.30075953605613653,0.11674117974724804,1,0,1.0130226612091064,0.006294634658843279
3.2130095958709717,9.960936149682325,0.029298096444769328,-1.286828236919618,0.1318123656768514,9.960936149682325,0.029298096444769328,-1.286828236919618,0.1318123656768514,1,0,1.0106364488601685,0.0037737684324383736
3.225996971130371,9.770510475622373,0.0,-2.7722884067435505,0.1151764661177201,9.770510475622373,0.0,-2.7722884067435505,0.1151764661177201,1,0,1.0169618129730225,0.005682390183210373
3.2390072345733643,9.565434045792728,0.014647340675089993,-4.429047693238993,0.10847462980922937,9.565434045792728,0.014647340675089993,-4.429047693238993,0.10847462980922937,1,0,1.0096044540405273,0.005581771023571491
3.2520079612731934,9.360357615963096,0.014647340675089993,-5.97026621907403,0.12444783426620416,9.360357615963096,0.014647340675089993,-5.97026621907403,0.12444783426620416,1,0,1.007322072982788,0.011304261162877083
3.265000104904175,9.1699182815248,0.014647340675089993,-7.198022177574618,0.14391267278155045,9.1699182815248,0.014647340675089993,-7.198022177574618,0.14391267278155045,1,0,1.0061867237091064,0.005777702666819096
3.278010368347168,8.994136533045364,0.014647340675089993,-8.165598728229671,0.13260652191021083,8.994136533045364,0.014647340675089993,-8.165598728229671,0.13260652191021083,1,0,1.001665711402893,0.003868149360641837
3.2910091876983643,8.818354784565912,0.014647340675089993,-8.837231719884535,0.11483215521444269,8.818354784565912,0.014647340675089993,-8.837231719884535,0.11483215521444269,1,0,1.0022006034851074,-0.001250015222467482
3.303999423980713,8.613285184925445,0.014647340675089993,-9.576868636236984,0.1025986060600755,8.613285184925445,0.014647340675089993,-9.576868636236984,0.1025986060600755,1,0,1.006901741027832,0.003608398837968707
3.317014455795288,8.408201924906649,0.014647340675089993,-10.350052880471598,0.10127297573192445,8.408201924906649,0.014647340675089993,-10.350052880471598,0.10127297573192445,1,0,1.0027706623077393,0.0017959853867068887
3.3310065269470215,8.144536132376643,0.014647340675089993,-11.31411786011962,0.12277485146616095,8.144536132376643,0.014647340675089993,-11.31411786011962,0.12277485146616095,1,0,1.0030492544174194,-0.003836384741589427
3.344007730484009,7.924802116588154,0.014647340675089993,-12.160751397367612,0.11876887881688235,7.924802116588154,0.014647340675089993,-12.160751397367612,0.11876887881688235,1,0,0.9983052611351013,-0.007243881467729807
3.35901141166687,7.661129493868984,0.014647340675089993,-12.953633053394896,0.11497116023622303,7.661129493868984,0.014647340675089993,-12.953633053394896,0.11497116023622303,1,0,0.9929865002632141,-0.0031083733774721622
3.3720319271087646,7.426758382689172,0.014647340675089993,-13.510370310379097,0.10701871895874562,7.426758382689172,0.014647340675089993,-13.510370310379097,0.10701871895874562,1,0,0.9829362034797668,-0.002022647764533758
3.387566328048706,7.2070311970898615,0.014647340675089993,-13.916731561275359,0.0703808105184303,7.2070311970898615,0.014647340675089993,-13.916731561275359,0.0703808105184303,1,0,0.9932729005813599,-0.0009095929563045502
3.4010117053985596,6.958016160329535,0.014647340675089993,-14.23222653677471,0.08677359136168486,6.958016160329535,0.014647340675089993,-14.23222653677471,0.08677359136168486,1,0,0.9927513599395752,0.004892206285148859
3.4184138774871826,6.708987463190866,0.014647340675089993,-14.580901717488338,0.10511195559208152,6.708987463190866,0.014647340675089993,-14.580901717488338,0.10511195559208152,1,0,0.995172917842865,0.005381868686527014
3.4410057067871094,6.225587654872385,0.014647340675089993,-15.586519006725778,0.11529830228508284,6.225587654872385,0.014647340675089993,-15.586519006725778,0.11529830228508284,1,0,1.0052827596664429,-0.0016924509545788169
3.455014705657959,5.932620350803035,0.014647340675089993,-16.28974162329195,0.1259155645456032,5.932620350803035,0.014647340675089993,-16.28974162329195,0.1259155645456032,1,0,1.0009087324142456,-0.007991068065166473
3.468003034591675,5.65430380250335,0.014647340675089993,-16.858044098088275,0.1310280545208503,5.65430380250335,0.014647340675089993,-16.858044098088275,0.1310280545208503,1,0,0.9959347248077393,-0.004096920136362314
3.481005907058716,5.390624349595015,0.014647340675089993,-17.309871356968376,0.11030843554977862,5.390624349595015,0.014647340675089993,-17.309871356968376,0.11030843554977862,1,0,0.9971605539321899,-0.00019793235696852207
3.4940121173858643,5.156246408226025,0.014647340675089993,-17.513791777280982,0.10658750323642906,5.156246408226025,0.014647340675089993,-17.513791777280982,0.10658750323642906,1,0,0.995163083076477,-0.00076009810436517
3.507002830505371,4.921882127235378,0.014647340675089993,-17.55240112911177,0.1148129853280417,4.921882127235378,0.014647340675089993,-17.55240112911177,0.1148129853280417,1,0,0.9941376447677612,-0.0010351723758503795
3.520073652267456,4.716798867216568,0.014647340675089993,-17.472564755450787,0.09536158040741065,4.716798867216568,0.014647340675089993,-17.472564755450787,0.09536158040741065,1,0,1.0024060010910034,-0.0012818994000554085
3.5360119342803955,4.423831563147218,0.014647340675089993,-17.513672248970508,0.10683341672697597,4.423831563147218,0.014647340675089993,-17.513672248970508,0.10683341672697597,1,0,0.9995564222335815,0.007980112917721272
3.549010992050171,4.189453621778227,0.014647340675089993,-17.525660938511173,0.10104687912811984,4.189453621778227,0.014647340675089993,-17.525660938511173,0.10104687912811984,1,0,0.9982031583786011,0.0066993748769164085
3.56201434135437,3.940438585017901,0.014647340675089993,-17.61094097294066,0.09024996421612963,3.940438585017901,0.014647340675089993,-17.61094097294066,0.09024996421612963,1,0,0.992236852645874,0.0029637173283845186
3.5750155448913574,3.706060643648911,0.014647340675089993,-17.769797512656815,0.07236911593841804,3.706060643648911,0.014647340675089993,-17.769797512656815,0.07236911593841804,1,0,0.9955582022666931,-0.00031852140091359615
3.5880634784698486,3.4570319465102557,0.014647340675089993,-17.907220918757474,0.058482374190323476,3.4570319465102557,0.014647340675089993,-17.907220918757474,0.058482374190323476,1,0,0.9908708930015564,0.0033072743099182844
3.6010115146636963,3.2226540051412655,0.014647340675089993,-17.948162780189822,0.04164950971801258,3.2226540051412655,0.014647340675089993,-17.948162780189822,0.04164950971801258,1,0,0.9892681241035461,0.0017976914532482624
3.614011287689209,3.002933649731119,0.0,-17.868737925426327,0.05154081758527448,3.002933649731119,0.0,-17.868737925426327,0.05154081758527448,1,0,0.9828869700431824,0.00023949013848323375
3.627011775970459,2.7978572199014877,0.014647340675089993,-17.611495925810722,0.03954110569343435,2.7978572199014877,0.014647340675089993,-17.611495925810722,0.03954110569343435,1,0,0.9840878248214722,-0.0012178549077361822
3.640012502670288,2.6074178854631924,0.0,-17.249412229982713,0.041358176136495756,2.6074178854631924,0.0,-17.249412229982713,0.041358176136495756,1,0,0.9859330058097839,0.0020451711025089025
3.653029680252075,2.446293722942599,0.014647340675089993,-16.732221768292888,0.03827074053361157,2.446293722942599,0.014647340675089993,-16.732221768292888,0.03827074053361157,1,0,0.9909806251525879,0.0033582556061446667
3.6670095920562744,2.2705119744631475,0.0,-16.142455424029794,0.019946570290083843,2.2705119744631475,0.0,-16.142455424029794,0.019946570290083843,1,0,0.9948420524597168,0.0024954078253358603
3.680008888244629,2.1093809817533753,0.029298096444769328,-15.628174622926393,0.07025013645980753,2.1093809817533753,0.029298096444769328,-15.628174622926393,0.07025013645980753,1,0,1.00010347366333,4.3289444874972105e-05
3.6946167945861816,1.9482431588544387,0.014647340675089993,-15.128913407807849,0.04039854789832219,1.9482431588544387,0.014647340675089993,-15.128913407807849,0.04039854789832219,1,0,1.002327799797058,0.003560985205695033
3.719015121459961,1.6406319292045737,0.014647340675089993,-14.383989071264162,0.04196016993343577,1.6406319292045737,0.014647340675089993,-14.383989071264162,0.04196016993343577,1,0,0.9967490434646606,0.010123468935489655
3.732011079788208,1.508788787655817,0.014647340675089993,-13.912072518487765,0.07222511500678581,1.508788787655817,0.014647340675089993,-13.912072518487765,0.07222511500678581,1,0,0.9988481998443604,0.008089925162494183
3.74505352973938,1.3623017205265455,0.029298096444769328,-13.469385760264435,0.10632766256327768,1.3623017205265455,0.029298096444769328,-13.469385760264435,0.10632766256327768,1,0,0.9970593452453613,0.0065552545711398125
3.7590134143829346,1.201177558005952,0.014647340675089993,-13.131575702973006,0.11408323564412137,1.201177558005952,0.014647340675089993,-13.131575702973006,0.11408323564412137,1,0,1.0013166666030884,0.003777496749535203
3.7720115184783936,1.0400397351070012,0.014647340675089993,-13.022774204589288,0.12102678994610047,1.0400397351070012,0.014647340675089993,-13.022774204589288,0.12102678994610047,1,0,1.0030320882797241,0.004517766181379557
3.7850072383880615,0.8496140610470491,0.014647340675089993,-13.085400209089135,0.09870423096451125,0.8496140610470491,0.014647340675089993,-13.085400209089135,0.09870423096451125,1,0,1.0040210485458374,0.009887230582535267
3.7990145683288574,0.6298868754477382,0.014647340675089993,-13.404099397082868,0.06551521453940197,0.6298868754477382,0.014647340675089993,-13.404099397082868,0.06551521453940197,1,0,1.00417959690094,0.004988513886928558
3.812016010284424,0.41015968984842743,0.014647340675089993,-13.866668835980105,0.060603768247527286,0.41015968984842743,0.014647340675089993,-13.866668835980105,0.060603768247527286,1,0,1.0005946159362793,-0.0008491927292197943
3.825011730194092,0.17578174847943728,0.014647340675089993,-14.338853473681427,0.06882080598416997,0.17578174847943728,0.014647340675089993,-14.338853473681427,0.06882080598416997,1,0,1.000026822090149,0.006120011210441589
3.839010000228882,-0.08789087423973285,0.014647340675089993,-14.906319250304426,0.051212891798887834,-0.08789087423973285,0.014647340675089993,-14.906319250304426,0.051212891798887834,1,0,1.0060973167419434,0.0005755572346970439
3.8520102500915527,-0.351563496958903,0.014647340675089993,-15.548365570022087,0.02322662856674363,-0.351563496958903,0.014647340675089993,-15.548365570022087,0.02322662856674363,1,0,1.0063133239746094,0.0008776839822530746
3.8650145530700684,-0.6298800452585738,0.014647340675089993,-16.228124779241973,0.016236902119274182,-0.6298800452585738,0.014647340675089993,-16.228124779241973,0.016236902119274182,1,0,1.0106574296951294,-0.00020951428450644016
3.87801194190979,-0.8789087423972433,0.014647340675089993,-16.722461427968938,0.03244331518122793,-0.8789087423972433,0.014647340675089993,-16.722461427968938,0.03244331518122793,1,0,1.0045510530471802,-0.0030709607526659966
3.89601469039917,-1.215821483586467,0.014647340675089993,-17.164729837105604,0.015807103794612535,-1.215821483586467,0.014647340675089993,-17.164729837105604,0.015807103794612535,1,0,1.0018583536148071,-0.00987974926829338
3.909011125564575,-1.435541838996599,0.014647340675089993,-17.23123026641214,0.013787597283423601,-1.435541838996599,0.014647340675089993,-17.23123026641214,0.013787597283423601,1,0,0.9978005886077881,-0.0012784459395334125
3.9220128059387207,-1.6406182688262305,0.014647340675089993,-17.058337687951607,0.002156816283685833,-1.6406182688262305,0.014647340675089993,-17.058337687951607,0.002156816283685833,1,0,0.9896371960639954,-0.0016744385939091444
3.936018943786621,-1.816400017305682,0.014647340675089993,-16.55444218948121,-0.0025010681982078893,-1.816400017305682,0.014647340675089993,-16.55444218948121,-0.0025010681982078893,1,0,0.9892971515655518,-0.0021297656930983067
3.9490103721618652,-1.9628870844349535,0.014647340675089993,-15.924394804587969,0.03650755788186319,-1.9628870844349535,0.014647340675089993,-15.924394804587969,0.03650755788186319,1,0,0.9893656969070435,0.006073694210499525
3.9620132446289062,-2.080072640024852,0.014647340675089993,-15.119708020353963,0.02058233150174377,-2.080072640024852,0.014647340675089993,-15.119708020353963,0.02058233150174377,1,0,0.9893757700920105,-0.003219073638319969
3.97501540184021,-2.1972650258039295,0.014647340675089993,-14.23503289074994,0.03558498875602223,-2.1972650258039295,0.014647340675089993,-14.23503289074994,0.03558498875602223,1,0,0.9917169213294983,-0.0008211338426917791
3.988008975982666,-2.2851559000436623,0.014647340675089993,-13.322519617636237,0.012575854023081234,-2.2851559000436623,0.014647340675089993,-13.322519617636237,0.012575854023081234,1,0,0.9952379465103149,0.0015902310842648149
4.001011848449707,-2.2851559000436623,0.029298096444769328,-11.967985529743281,0.023550660678395903,-2.2851559000436623,0.029298096444769328,-11.967985529743281,0.023550660678395903,1,0,0.9802747964859009,0.00713586388155818
4.0140156745910645,-2.2851559000436623,0.014647340675089993,-10.398971549080876,0.01376411684062503,-2.2851559000436623,0.014647340675089993,-10.398971549080876,0.01376411684062503,1,0,0.9935010075569153,-0.0002837210486177355
4.027043342590332,-2.2705119744631475,0.0,-9.015579911944616,-0.0198832893211354,-2.2705119744631475,0.0,-9.015579911944616,-0.0198832893211354,1,0,0.9945335388183594,-0.0035572629421949387
4.049022436141968,-2.2851559000436623,0.014647340675089993,-7.103792034011476,0.005824607232340351,-2.2851559000436623,0.014647340675089993,-7.103792034011476,0.005824607232340351,1,0,1.0022904872894287,0.0035250307992100716
4.067033052444458,-2.2705119744631475,0.014647340675089993,-5.80053559131239,-0.0002034705599747863,-2.2705119744631475,0.014647340675089993,-5.80053559131239,-0.0002034705599747863,1,0,1.0077413320541382,0.002449766965582967
4.085017442703247,-2.2705119744631475,0.014647340675089993,-4.752297067880424,0.009543955395369721,-2.2705119744631475,0.014647340675089993,-4.752297067880424,0.009543955395369721,1,0,1.0009939670562744,0.0016867790836840868
4.0990142822265625,-2.2705119744631475,0.0,-4.061032405003651,0.00796059548280978,-2.2705119744631475,0.0,-4.061032405003651,0.00796059548280978,1,0,0.9992181062698364,-0.005185517482459545
4.11201286315918,-2.2851559000436623,0.014647340675089993,-3.5780586297346484,0.01777902243018286,-2.2851559000436623,0.014647340675089993,-3.5780586297346484,0.01777902243018286,1,0,0.9938440322875977,-0.006823216564953327
4.125073671340942,-2.2558543885043036,0.014647340675089993,-3.052665110851635,0.009452519906414813,-2.2558543885043036,0.014647340675089993,-3.052665110851635,0.009452519906414813,1,0,0.9931212663650513,-0.01056686695665121
4.143073797225952,-2.211915781573609,0.014647340675089993,-2.1548279932735848,0.0352426021785022,-2.211915781573609,0.014647340675089993,-2.1548279932735848,0.0352426021785022,1,0,0.9977292418479919,-0.0016725161112844944
4.15807843208313,-2.182621100223429,0.014647340675089993,-1.5884506713278506,0.02927620848992458,-2.182621100223429,0.014647340675089993,-1.5884506713278506,0.02927620848992458,1,0,0.9971877336502075,-0.006802237126976252
4.173080205917358,-2.1972650258039295,0.029298096444769328,-1.3501546559745086,0.07024631448871924,-2.1972650258039295,0.029298096444769328,-1.3501546559745086,0.07024631448871924,1,0,0.9968886375427246,0.0005529520567506552
4.188072443008423,-2.1972650258039295,0.014647340675089993,-1.1730775194302854,0.05675545690822095,-2.1972650258039295,0.014647340675089993,-1.1730775194302854,0.05675545690822095,1,0,0.9940419793128967,0.003969115670770407
4.203087091445923,-2.1972650258039295,0.0,-1.0360165402424626,0.032405265558063535,-2.1972650258039295,0.0,-1.0360165402424626,0.032405265558063535,1,0,0.9981138110160828,0.0006850667996332049
4.230059862136841,-2.1972650258039295,0.014647340675089993,-0.8365089023813586,0.01199872054724501,-2.1972650258039295,0.014647340675089993,-0.8365089023813586,0.01199872054724501,1,0,0.9922035932540894,0.006472034379839897
4.243010997772217,-2.1972650258039295,0.014647340675089993,-0.7510789773161018,0.03319317857163475,-2.1972650258039295,0.014647340675089993,-0.7510789773161018,0.03319317857163475,1,0,0.9917780756950378,0.005860706325620413
4.256021022796631,-2.1972650258039295,0.014647340675089993,-0.6584697763812212,0.010218643349213432,-2.1972650258039295,0.014647340675089993,-0.6584697763812212,0.010218643349213432,1,0,0.9956082701683044,-0.0009901400189846754
4.269083738327026,-2.1972650258039295,0.014647340675089993,-0.6037084679063796,0.0017918953763018846,-2.1972650258039295,0.014647340675089993,-0.6037084679063796,0.0017918953763018846,1,0,0.9923675060272217,-0.0058101690374314785
4.291017770767212,-2.1972650258039295,0.014647340675089993,-0.525770139782716,0.01638785330199543,-2.1972650258039295,0.014647340675089993,-0.525770139782716,0.01638785330199543,1,0,0.9973889589309692,-0.005572583992034197
4.304019212722778,-2.1972650258039295,0.014647340675089993,-0.47958781570967485,0.03877537078434584,-2.1972650258039295,0.014647340675089993,-0.47958781570967485,0.03877537078434584,1,0,0.9958817958831787,-0.004453024361282587
4.317018032073975,-2.1972650258039295,0.014647340675089993,-0.46185499043788214,0.042689352658294134,-2.1972650258039295,0.014647340675089993,-0.46185499043788214,0.042689352658294134,1,0,0.9928674697875977,-0.007636422757059336
4.330017805099487,-2.1972650258039295,0.014647340675089993,-0.42268510952790195,0.05300740060633637,-2.1972650258039295,0.014647340675089993,-0.42268510952790195,0.05300740060633637,1,0,0.9985988736152649,-0.007245025597512722
4.343371868133545,-2.1972650258039295,0.014647340675089993,-0.39702427557914916,0.05011757358191976,-2.1972650258039295,0.014647340675089993,-0.39702427557914916,0.05011757358191976,1,0,1.0035018920898438,-0.0017128933686763048
4.357023239135742,-2.1972650258039295,0.014647340675089993,-0.35638120824256186,0.046201950861745084,-2.1972650258039295,0.014647340675089993,-0.35638120824256186,0.046201950861745084,1,0,1.003824234008789,0.0018200697377324104
4.37002420425415,-2.1972650258039295,0.014647340675089993,-0.3343811956063772,0.054743699393387746,-2.1972650258039295,0.014647340675089993,-0.3343811956063772,0.054743699393387746,1,0,1.0103769302368164,-0.00053428765386343
4.383016109466553,-2.1972650258039295,0.014647340675089993,-0.3058410367160674,0.06345914750634964,-2.1972650258039295,0.014647340675089993,-0.3058410367160674,0.06345914750634964,1,0,1.0132068395614624,-0.0008479880634695292
4.405018329620361,-2.1972650258039295,0.014647340675089993,-0.2252128680394618,0.05670132899306993,-2.1972650258039295,0.014647340675089993,-0.2252128680394618,0.05670132899306993,1,0,1.0059001445770264,0.0021741907112300396
4.418020248413086,-2.1972650258039295,0.014647340675089993,-0.2040270619771103,0.030944011952184096,-2.1972650258039295,0.014647340675089993,-0.2040270619771103,0.030944011952184096,1,0,1.0042625665664673,-0.004281007219105959
4.431017875671387,-2.1972650258039295,0.014647340675089993,-0.18903076800453908,0.04448880734979498,-2.1972650258039295,0.014647340675089993,-0.18903076800453908,0.04448880734979498,1,0,1.0065253973007202,-0.004805616568773985
4.444018840789795,-2.1972650258039295,0.014647340675089993,-0.18714922431097245,0.03272391656120711,-2.1972650258039295,0.014647340675089993,-0.18714922431097245,0.03272391656120711,1,0,1.0076571702957153,-0.012273119762539864
4.457020282745361,-2.1972650258039295,0.014647340675089993,-0.1943898918418471,0.06477874138801741,-2.1972650258039295,0.014647340675089993,-0.1943898918418471,0.06477874138801741,1,0,1.0031853914260864,-0.005053667351603508
4.470034122467041,-2.1972650258039295,0.014647340675089993,-0.20460067780547236,0.05214617311594661,-2.1972650258039295,0.014647340675089993,-0.20460067780547236,0.05214617311594661,1,0,0.9984091520309448,-6.78040087223053e-05
4.483016729354858,-2.1972650258039295,0.014647340675089993,-0.19179760826820247,0.04796245546568901,-2.1972650258039295,0.014647340675089993,-0.19179760826820247,0.04796245546568901,1,0,0.9982075095176697,-0.001334936823695898
4.496019124984741,-2.1972650258039295,0.014647340675089993,-0.20181589495502444,0.04310043799885766,-2.1972650258039295,0.014647340675089993,-0.20181589495502444,0.04310043799885766,1,0,0.9959148168563843,0.0012887303018942475
4.509033918380737,-2.182621100223429,0.014647340675089993,-0.20846935298026312,0.04415414809078419,-2.182621100223429,0.014647340675089993,-0.20846935298026312,0.04415414809078419,1,0,0.9973194599151611,0.005355017259716988
4.522024393081665,-2.182621100223429,0.014647340675089993,-0.17679384377622653,0.04146407741916401,-2.182621100223429,0.014647340675089993,-0.17679384377622653,0.04146407741916401,1,0,0.9923492074012756,0.0029927969444543123
4.535022020339966,-2.1972650258039295,0.014647340675089993,-0.16720972766894993,0.050234270432138475,-2.1972650258039295,0.014647340675089993,-0.16720972766894993,0.050234270432138475,1,0,0.9906920194625854,-0.0020221280865371227
4.548023223876953,-2.1972650258039295,0.014647340675089993,-0.19050210014150823,0.08188751815535972,-2.1972650258039295,0.014647340675089993,-0.19050210014150823,0.08188751815535972,1,0,0.997542142868042,-0.0015348144806921482
4.562016487121582,-2.1972650258039295,0.0,-0.19260326376535986,0.0855836977030746,-2.1972650258039295,0.0,-0.19260326376535986,0.0855836977030746,1,0,0.9983874559402466,0.0011736317537724972
4.57502007484436,-2.182621100223429,0.014647340675089993,-0.14276299986580657,0.07405020958810066,-2.182621100223429,0.014647340675089993,-0.14276299986580657,0.07405020958810066,1,0,0.995944082736969,-0.006065926514565945
4.5880208015441895,-2.182621100223429,0.014647340675089993,-0.1507452098290904,0.10127940571469779,-2.182621100223429,0.014647340675089993,-0.1507452098290904,0.10127940571469779,1,0,1.0033199787139893,-0.001548687694594264
4.601020336151123,-2.182621100223429,0.014647340675089993,-0.12770144557014998,0.13314297190453453,-2.182621100223429,0.014647340675089993,-0.12770144557014998,0.13314297190453453,1,0,0.9998065829277039,-0.003035849193111062
4.6140217781066895,-2.1972650258039295,0.014647340675089993,-0.1573463875587094,0.10639793880653477,-2.1972650258039295,0.014647340675089993,-0.1573463875587094,0.10639793880653477,1,0,0.9986890554428101,-0.003583366982638836
4.627021551132202,-2.1972650258039295,0.014647340675089993,-0.14103816365696678,0.10399087742338045,-2.1972650258039295,0.014647340675089993,-0.14103816365696678,0.10399087742338045,1,0,0.9975939393043518,-0.009438429027795792
4.6400182247161865,-2.1972650258039295,0.014647340675089993,-0.17284375328013776,0.13194508745820385,-2.1972650258039295,0.014647340675089993,-0.17284375328013776,0.13194508745820385,1,0,0.9924463033676147,-0.0053961495868861675
4.653020858764648,-2.1972650258039295,0.014647340675089993,-0.13598345014518712,0.11560136524907572,-2.1972650258039295,0.014647340675089993,-0.13598345014518712,0.11560136524907572,1,0,0.9940329194068909,-0.001379186986014247
4.666021347045898,-2.1972650258039295,0.014647340675089993,-0.14439510825253551,0.13076557248548085,-2.1972650258039295,0.014647340675089993,-0.14439510825253551,0.13076557248548085,1,0,1.0029767751693726,0.004530934616923332
4.6792144775390625,-2.182621100223429,0.014647340675089993,-0.12320185835120574,0.11342908494853399,-2.182621100223429,0.014647340675089993,-0.12320185835120574,0.11342908494853399,1,0,0.997452974319458,0.00011782185174524784
4.695028066635132,-2.1972650258039295,0.014647340675089993,-0.16220449300801318,0.1404508340894118,-2.1972650258039295,0.014647340675089993,-0.16220449300801318,0.1404508340894118,1,0,1.0003485679626465,0.002816349733620882
4.708019018173218,-2.182621100223429,0.014647340675089993,-0.10821583634281597,0.12497189120244397,-2.182621100223429,0.014647340675089993,-0.10821583634281597,0.12497189120244397,1,0,0.9929465055465698,-0.007170344702899456
4.721020698547363,-2.1972650258039295,0.014647340675089993,-0.14509820419043692,0.0926095344402112,-2.1972650258039295,0.014647340675089993,-0.14509820419043692,0.0926095344402112,1,0,0.9931871891021729,-0.013807705603539944
4.734025001525879,-2.182621100223429,0.014647340675089993,-0.12991425343846222,0.11478895960402766,-2.182621100223429,0.014647340675089993,-0.12991425343846222,0.11478895960402766,1,0,0.9968211054801941,-0.011860154569149017
4.747016429901123,-2.182621100223429,0.014647340675089993,-0.08795468047956817,0.12141847194653162,-2.182621100223429,0.014647340675089993,-0.08795468047956817,0.12141847194653162,1,0,1.0047746896743774,-0.007702406030148268
4.760019063949585,-2.1972650258039295,0.014647340675089993,-0.07708395416781685,0.12494974644849431,-2.1972650258039295,0.014647340675089993,-0.07708395416781685,0.12494974644849431,1,0,1.002629280090332,-0.0019920177292078733
4.773028612136841,-2.182621100223429,0.0,-0.07675353709661088,0.092931733940072,-2.182621100223429,0.0,-0.07675353709661088,0.092931733940072,1,0,1.0010634660720825,-0.0034898873418569565
4.786019563674927,-2.1972650258039295,0.014647340675089993,-0.08941756159146076,0.09691985738405864,-2.1972650258039295,0.014647340675089993,-0.08941756159146076,0.09691985738405864,1,0,1.0082908868789673,-0.01150781661272049
4.805030584335327,-2.1972650258039295,0.014647340675089993,-0.12685674326888982,0.1030571892298184,-2.1972650258039295,0.014647340675089993,-0.12685674326888982,0.1030571892298184,1,0,1.0045791864395142,-0.006280708592385054
4.8180251121521,-2.1972650258039295,0.014647340675089993,-0.15506530447912348,0.10085129159195551,-2.1972650258039295,0.014647340675089993,-0.15506530447912348,0.10085129159195551,1,0,1.0042146444320679,-0.003696244675666094
4.831024169921875,-2.182621100223429,0.014647340675089993,-0.15877196276432476,0.10025553100964378,-2.182621100223429,0.014647340675089993,-0.15877196276432476,0.10025553100964378,1,0,1.0009145736694336,-0.008641953580081463
4.844026327133179,-2.1972650258039295,-0.014647340675097098,-0.15896438199984872,-0.018807142658094977,-2.1972650258039295,-0.014647340675097098,-0.15896438199984872,-0.018807142658094977,1,0,0.9986562728881836,-0.005840742029249668
4.857027292251587,-2.1972650258039295,-0.014647340675097098,-0.11968653874425736,-0.1434954442727979,-2.1972650258039295,-0.014647340675097098,-0.11968653874425736,-0.1434954442727979,1,0,0.9945863485336304,-0.009636856615543365
4.870026588439941,-2.1972650258039295,-0.014647340675097098,-0.1267811042599172,-0.16016733572720399,-2.1972650258039295,-0.014647340675097098,-0.1267811042599172,-0.16016733572720399,1,0,0.9944030046463013,-0.003152016783133149
4.883028507232666,-2.1972650258039295,-0.014647340675097098,-0.14144560044921392,-0.13795285248303832,-2.1972650258039295,-0.014647340675097098,-0.14144560044921392,-0.13795285248303832,1,0,0.9985310435295105,-0.000272673845756799
4.896029710769653,-2.1972650258039295,-0.014647340675097098,-0.1651757987197406,-0.0924859106842766,-2.1972650258039295,-0.014647340675097098,-0.1651757987197406,-0.0924859106842766,1,0,0.9969316124916077,-0.0001175571815110743
4.909027814865112,-2.1972650258039295,0.014647340675089993,-0.1596777499019316,0.11264017141897106,-2.1972650258039295,0.014647340675089993,-0.1596777499019316,0.11264017141897106,1,0,0.9968703389167786,0.0035888126585632563
4.922384262084961,-2.1972650258039295,0.014647340675089993,-0.16939099927320375,0.1433561190859002,-2.1972650258039295,0.014647340675089993,-0.16939099927320375,0.1433561190859002,1,0,0.993367075920105,-0.0028634928166866302
4.9370362758636475,-2.182621100223429,0.014647340675089993,-0.18382853841494298,0.16990793253558265,-2.182621100223429,0.014647340675089993,-0.18382853841494298,0.16990793253558265,1,0,0.9939516186714172,0.0004206760786473751
4.950039863586426,-2.182621100223429,0.014647340675089993,-0.154159717444715,0.13146426615301876,-2.182621100223429,0.014647340675089993,-0.154159717444715,0.13146426615301876,1,0,0.988940954208374,-0.0030636214651167393
4.964027643203735,-2.1972650258039295,0.0,-0.16114853509015864,0.11080044929385756,-2.1972650258039295,0.0,-0.16114853509015864,0.11080044929385756,1,0,0.9940573573112488,-0.007127274759113789
4.977027654647827,-2.1972650258039295,0.0,-0.19550676117327642,0.035974356229459235,-2.1972650258039295,0.0,-0.19550676117327642,0.035974356229459235,1,0,0.9962367415428162,-0.012578471563756466
4.991026163101196,-2.1972650258039295,0.0,-0.16522633144742815,0.0988644202448892,-2.1972650258039295,0.0,-0.16522633144742815,0.0988644202448892,1,0,0.9960914850234985,-0.010146494023501873
5.004026174545288,-2.1972650258039295,0.0,-0.16321965655383278,0.15211124766309295,-2.1972650258039295,0.0,-0.16321965655383278,0.15211124766309295,1,0,0.9980940818786621,-0.012076190672814846
5.017028331756592,-2.1972650258039295,0.014647340675089993,-0.19304246360529018,0.14769989261440353,-2.1972650258039295,0.014647340675089993,-0.19304246360529018,0.14769989261440353,1,0,0.9937947392463684,-0.006475066300481558
5.031030178070068,-2.1972650258039295,0.014647340675089993,-0.20053962341579734,0.11608806958829201,-2.1972650258039295,0.014647340675089993,-0.20053962341579734,0.11608806958829201,1,0,0.9931126832962036,-0.0069981650449335575
5.044028997421265,-2.182621100223429,0.014647340675089993,-0.1897236986999648,0.109079161581735,-2.182621100223429,0.014647340675089993,-0.1897236986999648,0.109079161581735,1,0,0.9930762648582458,0.00613327044993639
5.057030439376831,-2.1972650258039295,0.014647340675089993,-0.2043630085666971,0.09854868407833478,-2.1972650258039295,0.014647340675089993,-0.2043630085666971,0.09854868407833478,1,0,0.9917131662368774,0.006901994813233614
5.0700297355651855,-2.1972650258039295,0.0,-0.21151632438138962,0.10717591336125508,-2.1972650258039295,0.0,-0.21151632438138962,0.10717591336125508,1,0,0.9982391595840454,0.002695070579648018
5.083061695098877,-2.1972650258039295,0.014647340675089993,-0.24179221843474216,0.11142383745775344,-2.1972650258039295,0.014647340675089993,-0.24179221843474216,0.11142383745775344,1,0,1.0027581453323364,0.0035546794533729553
5.101022720336914,-2.1972650258039295,0.014647340675089993,-0.2639063966156865,0.07351417981049349,-2.1972650258039295,0.014647340675089993,-0.2639063966156865,0.07351417981049349,1,0,1.000948190689087,0.005082928109914064
5.114033460617065,-2.1972650258039295,0.014647340675089993,-0.24397550441119262,0.09385383615845017,-2.1972650258039295,0.014647340675089993,-0.24397550441119262,0.09385383615845017,1,0,0.9991329312324524,0.007211470045149326
5.1300270557403564,-2.1972650258039295,0.014647340675089993,-0.2854458517305713,0.09656108568964786,-2.1972650258039295,0.014647340675089993,-0.2854458517305713,0.09656108568964786,1,0,1.0056384801864624,0.010486867278814316
5.144084692001343,-2.182621100223429,0.014647340675089993,-0.28584979338695404,0.06829033907547667,-2.182621100223429,0.014647340675089993,-0.28584979338695404,0.06829033907547667,1,0,1.0048201084136963,0.011662471108138561
5.159029245376587,-2.1972650258039295,0.014647340675089993,-0.25753543094565134,0.07319527534329869,-2.1972650258039295,0.014647340675089993,-0.25753543094565134,0.07319527534329869,1,0,0.9977075457572937,0.007393599953502417
5.1730265617370605,-2.182621100223429,0.014647340675089993,-0.24448021803825953,0.09293086015610591,-2.182621100223429,0.014647340675089993,-0.24448021803825953,0.09293086015610591,1,0,1.0040699243545532,0.005417049862444401
5.194025278091431,-2.182621100223429,0.014647340675089993,-0.26946403616596126,0.11060913062592446,-2.182621100223429,0.014647340675089993,-0.26946403616596126,0.11060913062592446,1,0,1.0019012689590454,0.0008312270510941744
5.207023859024048,-2.182621100223429,0.014647340675089993,-0.21382758302328525,0.09337564287526993,-2.182621100223429,0.014647340675089993,-0.21382758302328525,0.09337564287526993,1,0,1.002507209777832,-0.000652227783575654
5.220027923583984,-2.1972650258039295,0.014647340675089993,-0.20794112055728461,0.07717369378216583,-2.1972650258039295,0.014647340675089993,-0.20794112055728461,0.07717369378216583,1,0,1.00872004032135,-0.0021754244808107615
5.233029365539551,-2.1972650258039295,0.014647340675089993,-0.2066248683990291,0.10717081739980402,-2.1972650258039295,0.014647340675089993,-0.2066248683990291,0.10717081739980402,1,0,1.009042501449585,-0.010331027209758759
5.246026515960693,-2.182621100223429,0.014647340675089993,-0.21021169154885108,0.0907391231545789,-2.182621100223429,0.014647340675089993,-0.21021169154885108,0.0907391231545789,1,0,1.002697467803955,-0.004551898688077927
5.25905442237854,-2.1972650258039295,0.014647340675089993,-0.1840078842415087,0.11231491034017566,-2.1972650258039295,0.014647340675089993,-0.1840078842415087,0.11231491034017566,1,0,0.9940961599349976,-0.004382590763270855
5.272040605545044,-2.1972650258039295,0.014647340675089993,-0.15857322026773327,0.09641546392210906,-2.1972650258039295,0.014647340675089993,-0.15857322026773327,0.09641546392210906,1,0,0.9975014328956604,-0.00743324588984251
5.2850282192230225,-2.1972650258039295,0.0,-0.1344756191848407,0.09721436927137578,-2.1972650258039295,0.0,-0.1344756191848407,0.09721436927137578,1,0,0.9949379563331604,-0.004108119290322065
5.298024892807007,-2.182621100223429,0.014647340675089993,-0.1110303945491769,0.11726100783589626,-2.182621100223429,0.014647340675089993,-0.1110303945491769,0.11726100783589626,1,0,0.9930391907691956,-0.005946793593466282
5.315028190612793,-2.1972650258039295,0.014647340675089993,-0.1023108176402226,0.0990306859923901,-2.1972650258039295,0.014647340675089993,-0.1023108176402226,0.0990306859923901,1,0,1.0047391653060913,-0.008490871638059616
5.32803201675415,-2.182621100223429,0.014647340675089993,-0.07904478541867248,0.10030967893511465,-2.182621100223429,0.014647340675089993,-0.07904478541867248,0.10030967893511465,1,0,1.0054092407226562,-0.008330288343131542
5.341356515884399,-2.1972650258039295,0.014647340675089993,-0.07134308678892858,0.0928839759767348,-2.1972650258039295,0.014647340675089993,-0.07134308678892858,0.0928839759767348,1,0,1.0089492797851562,-0.00943482294678688
5.355041980743408,-2.182621100223429,0.014647340675089993,-0.09435028552342563,0.10619687511284251,-2.182621100223429,0.014647340675089993,-0.09435028552342563,0.10619687511284251,1,0,1.0066590309143066,-0.011518644168972969
5.377029657363892,-2.1972650258039295,0.014647340675089993,-0.12420277454930351,0.11037422948139289,-2.1972650258039295,0.014647340675089993,-0.12420277454930351,0.11037422948139289,1,0,1.0074909925460815,-0.010989091359078884
5.392027854919434,-2.1972650258039295,0.0,-0.15842637120057798,0.09979207866207462,-2.1972650258039295,0.0,-0.15842637120057798,0.09979207866207462,1,0,1.0088424682617188,-0.008339905180037022
5.406025648117065,-2.1972650258039295,0.014647340675089993,-0.14579648431136494,0.13332689342423562,-2.1972650258039295,0.014647340675089993,-0.14579648431136494,0.13332689342423562,1,0,1.0015796422958374,-0.006293253041803837
5.419133186340332,-2.1972650258039295,0.014647340675089993,-0.16276238072498572,0.12492421328038611,-2.1972650258039295,0.014647340675089993,-0.16276238072498572,0.12492421328038611,1,0,0.9997437596321106,-0.0009918916039168835
5.4340338706970215,-2.1972650258039295,0.014647340675089993,-0.14003656710799467,0.11488112713718315,-2.1972650258039295,0.014647340675089993,-0.14003656710799467,0.11488112713718315,1,0,0.9970465302467346,-0.004098391626030207
5.447030305862427,-2.1972650258039295,0.0,-0.10937860934794452,0.09402011524616427,-2.1972650258039295,0.0,-0.10937860934794452,0.09402011524616427,1,0,0.9938607215881348,0.00034232763573527336
5.460031509399414,-2.1972650258039295,0.014647340675089993,-0.11063216917416004,0.11308392027161034,-2.1972650258039295,0.014647340675089993,-0.11063216917416004,0.11308392027161034,1,0,0.9925137758255005,-0.0021585002541542053
5.473034620285034,-2.1972650258039295,0.014647340675089993,-0.11761025461806604,0.09393425096375649,-2.1972650258039295,0.014647340675089993,-0.11761025461806604,0.09393425096375649,1,0,0.991467297077179,0.0010312290396541357
5.486037969589233,-2.1972650258039295,0.014647340675089993,-0.11544708568315541,0.1037360593405074,-2.1972650258039295,0.014647340675089993,-0.11544708568315541,0.1037360593405074,1,0,0.9940367341041565,-0.003758733393624425
5.499588489532471,-2.1972650258039295,0.014647340675089993,-0.10353299461483176,0.11604692837071326,-2.1972650258039295,0.014647340675089993,-0.10353299461483176,0.11604692837071326,1,0,0.9902611374855042,-0.0019746567122638226
5.516028165817261,-2.1972650258039295,0.0,-0.11167133843367384,0.1083790138309558,-2.1972650258039295,0.0,-0.11167133843367384,0.1083790138309558,1,0,0.9929501414299011,-0.004500007722526789
5.532027006149292,-2.1972650258039295,0.014647340675089993,-0.10380638894461738,0.12088232877711205,-2.1972650258039295,0.014647340675089993,-0.10380638894461738,0.12088232877711205,1,0,0.9914944767951965,-0.0015464909374713898
5.545029163360596,-2.182621100223429,0.014647340675089993,-0.11659815932128767,0.13304105267551322,-2.182621100223429,0.014647340675089993,-0.11659815932128767,0.13304105267551322,1,0,0.9961712956428528,0.0012613292783498764
5.560030221939087,-2.1972650258039295,0.014647340675089993,-0.13215086024716372,0.13899785808583706,-2.1972650258039295,0.014647340675089993,-0.13215086024716372,0.13899785808583706,1,0,0.9958259463310242,-0.006110033020377159
5.5750322341918945,-2.1972650258039295,0.014647340675089993,-0.1607196338948362,0.16925008660093258,-2.1972650258039295,0.014647340675089993,-0.1607196338948362,0.16925008660093258,1,0,0.9957454204559326,-0.0032332814298570156
5.5890281200408936,-2.1972650258039295,0.014647340675089993,-0.17557429482362225,0.18020449607022976,-2.1972650258039295,0.014647340675089993,-0.17557429482362225,0.18020449607022976,1,0,0.9978105425834656,0.0011920531978830695
5.602030515670776,-2.1972650258039295,0.014647340675089993,-0.18146321188885584,0.17754468433725193,-2.1972650258039295,0.014647340675089993,-0.18146321188885584,0.17754468433725193,1,0,1.0021640062332153,0.0014735914301127195
5.615034818649292,-2.1972650258039295,0.0,-0.187310107282438,0.17322859175118566,-2.1972650258039295,0.0,-0.187310107282438,0.17322859175118566,1,0,0.9997307062149048,-0.0021363149862736464
5.628026723861694,-2.182621100223429,0.014647340675089993,-0.1872844273719843,0.2051720257975866,-2.182621100223429,0.014647340675089993,-0.1872844273719843,0.2051720257975866,1,0,1.0037921667099,-0.0008640273008495569
5.647027015686035,-2.1972650258039295,0.014647340675089993,-0.21201694256299716,0.1774062262642137,-2.1972650258039295,0.014647340675089993,-0.21201694256299716,0.1774062262642137,1,0,1.0007389783859253,-0.007037399336695671
5.660027742385864,-2.1972650258039295,0.014647340675089993,-0.21010649062737702,0.1851323308140485,-2.1972650258039295,0.014647340675089993,-0.21010649062737702,0.1851323308140485,1,0,0.9975716471672058,-0.009999368339776993
5.675030708312988,-2.182621100223429,0.014647340675089993,-0.2428886772399408,0.14347619434511755,-2.182621100223429,0.014647340675089993,-0.2428886772399408,0.14347619434511755,1,0,0.997967541217804,-0.0037627604324370623
5.688037157058716,-2.1972650258039295,0.014647340675089993,-0.22865360251428218,0.14212795235555406,-2.1972650258039295,0.014647340675089993,-0.22865360251428218,0.14212795235555406,1,0,0.988537073135376,-0.006978676654398441
5.702035188674927,-2.182621100223429,0.014647340675089993,-0.2228041591399745,0.1627022030231382,-2.182621100223429,0.014647340675089993,-0.2228041591399745,0.1627022030231382,1,0,1.0003886222839355,-0.007939158007502556
5.71503758430481,-2.1972650258039295,0.014647340675089993,-0.23064566987439872,0.15033663911871936,-2.1972650258039295,0.014647340675089993,-0.23064566987439872,0.15033663911871936,1,0,1.0068446397781372,-0.006358286365866661
5.728041887283325,-2.1972650258039295,0.014647340675089993,-0.21558348858872065,0.1576037202717749,-2.1972650258039295,0.014647340675089993,-0.21558348858872065,0.1576037202717749,1,0,1.0043842792510986,-0.006662423722445965
5.741039276123047,-2.1972650258039295,0.014647340675089993,-0.2111333668804061,0.13685016379826473,-2.1972650258039295,0.014647340675089993,-0.2111333668804061,0.13685016379826473,1,0,1.0052849054336548,-0.00725183729082346
5.75404167175293,-2.182621100223429,0.014647340675089993,-0.12731009707504942,0.14697457188127314,-2.182621100223429,0.014647340675089993,-0.12731009707504942,0.14697457188127314,1,0,1.0075523853302002,0.0012407652102410793
5.767039775848389,-2.1972650258039295,0.014647340675089993,-0.14309366373095717,0.12996122432921928,-2.1972650258039295,0.014647340675089993,-0.14309366373095717,0.12996122432921928,1,0,1.0006475448608398,-0.0014591118087992072
5.78004002571106,-2.1972650258039295,0.0,-0.1335299848303377,0.1328843451907864,-2.1972650258039295,0.0,-0.1335299848303377,0.1328843451907864,1,0,0.9991858005523682,-0.0006302993278950453
5.793039798736572,-2.182621100223429,0.0,-0.13261547319328326,0.1393766134196554,-2.182621100223429,0.0,-0.13261547319328326,0.1393766134196554,1,0,0.997456431388855,-0.004783922806382179
5.816037654876709,-2.1972650258039295,0.014647340675089993,-0.14792395483569168,0.1427096123324894,-2.1972650258039295,0.014647340675089993,-0.14792395483569168,0.1427096123324894,1,0,1.0021518468856812,-0.010704660788178444
5.829030990600586,-2.182621100223429,0.0,-0.12959947776725983,0.14958098274072057,-2.182621100223429,0.0,-0.12959947776725983,0.14958098274072057,1,0,1.0042518377304077,-0.009163369424641132
5.842029094696045,-2.182621100223429,0.014647340675089993,-0.10814305213947302,0.141570091319008,-2.182621100223429,0.014647340675089993,-0.10814305213947302,0.141570091319008,1,0,1.0076699256896973,-0.00556141184642911
5.85503888130188,-2.1972650258039295,0.014647340675089993,-0.14448323370108454,0.12150807815874837,-2.1972650258039295,0.014647340675089993,-0.14448323370108454,0.12150807815874837,1,0,1.0046697854995728,-0.007632086984813213
5.868031740188599,-2.1972650258039295,0.014647340675089993,-0.12603762749659075,0.12210749395948309,-2.1972650258039295,0.014647340675089993,-0.12603762749659075,0.12210749395948309,1,0,1.005464792251587,-0.00831717997789383
5.881033420562744,-2.182621100223429,0.014647340675089993,-0.12858296685990475,0.11411133013316835,-2.182621100223429,0.014647340675089993,-0.12858296685990475,0.11411133013316835,1,0,1.0040700435638428,-0.010870070196688175
5.894047021865845,-2.1972650258039295,0.0,-0.13315228337336396,0.1361271109013822,-2.1972650258039295,0.0,-0.13315228337336396,0.1361271109013822,1,0,1.0003210306167603,-0.01362411305308342
5.90903115272522,-2.1972650258039295,0.014647340675089993,-0.1628904734523499,0.12361603195113033,-2.1972650258039295,0.014647340675089993,-0.1628904734523499,0.12361603195113033,1,0,0.9976320862770081,-0.0048946719616651535
5.922035217285156,-2.182621100223429,0.014647340675089993,-0.12121123173411726,0.11724841467461404,-2.182621100223429,0.014647340675089993,-0.12121123173411726,0.11724841467461404,1,0,0.9993572235107422,-0.007082049269229174
5.935030460357666,-2.182621100223429,0.014647340675089993,-0.14990879180024153,0.14089655729360803,-2.182621100223429,0.014647340675089993,-0.14990879180024153,0.14089655729360803,1,0,1.0018166303634644,-0.0056959218345582485
5.948026895523071,-2.182621100223429,0.014647340675089993,-0.12534541717267905,0.1407966657769966,-2.182621100223429,0.014647340675089993,-0.12534541717267905,0.1407966657769966,1,0,1.003400206565857,-0.007744338363409042
5.962636470794678,-2.1972650258039295,0.014647340675089993,-0.13774469179591162,0.16573247247730988,-2.1972650258039295,0.014647340675089993,-0.13774469179591162,0.16573247247730988,1,0,1.0103673934936523,0.00014229549560695887
5.977047681808472,-2.1972650258039295,0.014647340675089993,-0.13245238908663598,0.18378032688435622,-2.1972650258039295,0.014647340675089993,-0.13245238908663598,0.18378032688435622,1,0,1.0008418560028076,-0.0030442876741290092
5.991054058074951,-2.1972650258039295,0.014647340675089993,-0.1493501436911153,0.15814897480682555,-2.1972650258039295,0.014647340675089993,-0.1493501436911153,0.15814897480682555,1,0,0.9962765574455261,-0.0014254366979002953
6.011046409606934,-2.182621100223429,0.014647340675089993,-0.1361666512933742,0.11284414327914585,-2.182621100223429,0.014647340675089993,-0.1361666512933742,0.11284414327914585,1,0,0.9949557185173035,-0.0007445072988048196
6.024035453796387,-2.182621100223429,0.014647340675089993,-0.09468120285262746,0.12950292130395408,-2.182621100223429,0.014647340675089993,-0.09468120285262746,0.12950292130395408,1,0,0.9965142607688904,-0.0026813780423253775
6.03765082359314,-2.182621100223429,0.014647340675089993,-0.102509733559586,0.1257474645187842,-2.182621100223429,0.014647340675089993,-0.102509733559586,0.1257474645187842,1,0,0.9939887523651123,-0.004067044705152512
6.051041603088379,-2.1972650258039295,0.0,-0.12051101728227195,0.1401896860753646,-2.1972650258039295,0.0,-0.12051101728227195,0.1401896860753646,1,0,1.003638505935669,-0.005986860021948814
6.06403660774231,-2.182621100223429,0.029298096444769328,-0.11763780215837089,0.16730449654368384,-2.182621100223429,0.029298096444769328,-0.11763780215837089,0.16730449654368384,1,0,1.005439043045044,-0.011098463088274002
6.077037572860718,-2.1972650258039295,0.014647340675089993,-0.10763484337654176,0.1399069402561099,-2.1972650258039295,0.014647340675089993,-0.10763484337654176,0.1399069402561099,1,0,1.0065202713012695,-0.007987750694155693
6.090038299560547,-2.182621100223429,0.014647340675089993,-0.08055829930985177,0.15590352343675742,-2.182621100223429,0.014647340675089993,-0.08055829930985177,0.15590352343675742,1,0,1.002872347831726,-0.009532241150736809
6.104033946990967,-2.1972650258039295,0.014647340675089993,-0.1298744862628454,0.17691242493156295,-2.1972650258039295,0.014647340675089993,-0.1298744862628454,0.17691242493156295,1,0,1.0003509521484375,-0.009924524463713169
6.118042707443237,-2.1972650258039295,0.014647340675089993,-0.13883553437134347,0.18997676254479906,-2.1972650258039295,0.014647340675089993,-0.13883553437134347,0.18997676254479906,1,0,0.999496579170227,-0.007047868333756924
6.131042718887329,-2.1972650258039295,0.014647340675089993,-0.18156686534559607,0.1665676765467555,-2.1972650258039295,0.014647340675089993,-0.18156686534559607,0.1665676765467555,1,0,0.99848473072052,-0.0055671920999884605
6.144046306610107,-2.1972650258039295,0.014647340675089993,-0.13851620968743214,0.19895576658029485,-2.1972650258039295,0.014647340675089993,-0.13851620968743214,0.19895576658029485,1,0,1.0003412961959839,-0.007223938591778278
6.157060623168945,-2.1972650258039295,0.0,-0.09783840443561297,0.1728044396717705,-2.1972650258039295,0.0,-0.09783840443561297,0.1728044396717705,1,0,1.0024620294570923,-0.0018465167377144098
6.171040058135986,-2.1972650258039295,0.014647340675089993,-0.09828849655963962,0.15803235466283289,-2.1972650258039295,0.014647340675089993,-0.09828849655963962,0.15803235466283289,1,0,0.9974676966667175,-0.002803246956318617
6.184038400650024,-2.182621100223429,0.014647340675089993,-0.09022363730533467,0.1286238145927926,-2.182621100223429,0.014647340675089993,-0.09022363730533467,0.1286238145927926,1,0,0.9962695837020874,-0.00024002589634619653
6.1970436573028564,-2.1972650258039295,0.014647340675089993,-0.0652891379459172,0.15430960808048502,-2.1972650258039295,0.014647340675089993,-0.0652891379459172,0.15430960808048502,1,0,0.9939239621162415,-0.00450592115521431
6.210040330886841,-2.1972650258039295,0.014647340675089993,-0.09519025871909836,0.16498241898886465,-2.1972650258039295,0.014647340675089993,-0.09519025871909836,0.16498241898886465,1,0,0.9953004717826843,-0.00503326253965497
6.223042249679565,-2.1972650258039295,0.014647340675089993,-0.11965637652216088,0.11650368393124465,-2.1972650258039295,0.014647340675089993,-0.11965637652216088,0.11650368393124465,1,0,0.995232880115509,-0.004605707712471485
6.2360453605651855,-2.1972650258039295,0.0,-0.10492165078035337,0.11867349629234018,-2.1972650258039295,0.0,-0.10492165078035337,0.11867349629234018,1,0,0.9934426546096802,0.00032210719655267894
6.249037981033325,-2.182621100223429,0.014647340675089993,-0.06553609864320209,0.11792513701097421,-2.182621100223429,0.014647340675089993,-0.06553609864320209,0.11792513701097421,1,0,0.9933962821960449,0.00043908332008868456
6.262042999267578,-2.182621100223429,0.014647340675089993,-0.08807877781307216,0.10348201499000129,-2.182621100223429,0.014647340675089993,-0.08807877781307216,0.10348201499000129,1,0,0.9952332973480225,0.00027050753124058247
6.275041818618774,-2.182621100223429,0.014647340675089993,-0.09961207249495437,0.10982368555179944,-2.182621100223429,0.014647340675089993,-0.09961207249495437,0.10982368555179944,1,0,0.9956319332122803,0.0017107815947383642
6.288088798522949,-2.1972650258039295,0.0,-0.11633970603031145,0.10597900275048969,-2.1972650258039295,0.0,-0.11633970603031145,0.10597900275048969,1,0,0.999786376953125,-0.0035903905518352985
6.302037715911865,-2.1972650258039295,0.014647340675089993,-0.12608638597591965,0.1179185469456422,-2.1972650258039295,0.014647340675089993,-0.12608638597591965,0.1179185469456422,1,0,1.0000431537628174,-0.006247788667678833
6.315047264099121,-2.1972650258039295,0.014647340675089993,-0.10884450056104143,0.13128792187442814,-2.1972650258039295,0.014647340675089993,-0.10884450056104143,0.13128792187442814,1,0,0.9976202249526978,-0.006188432220369577
6.32803750038147,-2.1972650258039295,0.014647340675089993,-0.0741812838531201,0.1320200461163021,-2.1972650258039295,0.014647340675089993,-0.0741812838531201,0.1320200461163021,1,0,0.9981433153152466,-0.009234365075826645
6.34103798866272,-2.1972650258039295,0.014647340675089993,-0.1080785788889678,0.13679316106716422,-2.1972650258039295,0.014647340675089993,-0.1080785788889678,0.13679316106716422,1,0,1.002082109451294,-0.006155801471322775
6.354047775268555,-2.182621100223429,0.0,-0.0811671866619746,0.13871255094564355,-2.182621100223429,0.0,-0.0811671866619746,0.13871255094564355,1,0,1.0011343955993652,-0.0009225679677911103
6.367037534713745,-2.182621100223429,0.014647340675089993,-0.06632049651058912,0.15752930856241878,-2.182621100223429,0.014647340675089993,-0.06632049651058912,0.15752930856241878,1,0,1.0013254880905151,-0.0027871348429471254
6.380038499832153,-2.1972650258039295,0.014647340675089993,-0.07871436834746649,0.14565922685751678,-2.1972650258039295,0.014647340675089993,-0.07871436834746649,0.14565922685751678,1,0,1.0012400150299072,-0.0035584289580583572
6.393050909042358,-2.1972650258039295,0.014647340675089993,-0.05259872317425954,0.15888427401944652,-2.1972650258039295,0.014647340675089993,-0.05259872317425954,0.15888427401944652,1,0,1.0013809204101562,-0.0038627972826361656
6.406036138534546,-2.1972650258039295,0.014647340675089993,-0.0723476248549163,0.1457218191379576,-2.1972650258039295,0.014647340675089993,-0.0723476248549163,0.1457218191379576,1,0,0.9958179593086243,-0.006915787700563669
6.421035289764404,-2.182621100223429,0.014647340675089993,-0.07480606606929777,0.15976835663014005,-2.182621100223429,0.014647340675089993,-0.07480606606929777,0.15976835663014005,1,0,0.9998795986175537,-0.009604895487427711
6.4356255531311035,-2.1972650258039295,0.014647340675089993,-0.10569532311630937,0.16796515726332392,-2.1972650258039295,0.014647340675089993,-0.10569532311630937,0.16796515726332392,1,0,1.0023267269134521,-0.0031158970668911934
6.449044704437256,-2.182621100223429,0.014647340675089993,-0.07159762472732395,0.18473620652261422,-2.182621100223429,0.014647340675089993,-0.07159762472732395,0.18473620652261422,1,0,0.9975263476371765,0.0009669502032920718
6.462042570114136,-2.1972650258039295,0.014647340675089993,-0.08665205534911963,0.16739484980784108,-2.1972650258039295,0.014647340675089993,-0.08665205534911963,0.16739484980784108,1,0,0.9932379126548767,0.003102598711848259
6.475042819976807,-2.1972650258039295,0.0,-0.1097968917335417,0.16199703935218726,-2.1972650258039295,0.0,-0.1097968917335417,0.16199703935218726,1,0,0.9953345656394958,-0.0043388856574893
6.488042831420898,-2.1972650258039295,0.014647340675089993,-0.12574392936228018,0.15584491988007018,-2.1972650258039295,0.014647340675089993,-0.12574392936228018,0.15584491988007018,1,0,0.9976888298988342,-0.0009393691434524953
6.501040697097778,-2.1972650258039295,0.014647340675089993,-0.15368227121347522,0.1693905723863806,-2.1972650258039295,0.014647340675089993,-0.15368227121347522,0.1693905723863806,1,0,0.9981128573417664,-0.0019075609743595123
6.514045000076294,-2.1972650258039295,0.014647340675089993,-0.1419762874714254,0.1464620275490445,-2.1972650258039295,0.014647340675089993,-0.1419762874714254,0.1464620275490445,1,0,0.9973640441894531,-0.0014410055009648204
